Date,OrderID,CustomerID,Region,Segment,Product,Sales,Profit
2025-01-01,ORD4657,CUST016,North,Consumer,Printer,811.63,194.91
2025-01-01,ORD9935,CUST044,South,Home Office,Smartphone,1490.79,253.03
2025-01-01,ORD1488,CUST003,North,Home Office,Chair,396.44,32.19
2025-01-01,ORD1434,CUST033,North,Consumer,Monitor,210.36,46.96
2025-01-01,ORD8359,CUST015,South,Home Office,Chair,1242.12,238.01
2025-01-01,ORD7924,CUST045,East,Consumer,Tablet,139.11,33.94
2025-01-01,ORD6514,CUST014,East,Corporate,Tablet,1681.64,155.5
2025-01-01,ORD6881,CUST007,North,Consumer,Chair,445.47,38.61
2025-01-01,ORD8527,CUST003,East,Home Office,Printer,678.06,105.07
2025-01-01,ORD5803,CUST036,North,Corporate,Smartphone,920.7,99.66
2025-01-01,ORD2139,CUST046,East,Home Office,Monitor,1262.52,98.35
2025-01-01,ORD5741,CUST050,North,Home Office,Monitor,655.07,80.75
2025-01-01,ORD5554,CUST025,North,Consumer,Smartphone,966.53,200.11
2025-01-01,ORD7065,CUST011,West,Home Office,Desk,479.38,73.27
2025-01-01,ORD2169,CUST045,East,Consumer,Printer,1225.59,72.67
2025-01-02,ORD8573,CUST011,South,Home Office,Monitor,1254.34,105.5
2025-01-02,ORD6313,CUST044,West,Corporate,Monitor,223.6,53.61
2025-01-02,ORD7572,CUST021,North,Consumer,Laptop,1934.7,409.54
2025-01-02,ORD6155,CUST037,East,Consumer,Monitor,678.77,47.2
2025-01-02,ORD8517,CUST026,South,Home Office,Accessories,1400.04,193.25
2025-01-02,ORD9830,CUST016,South,Corporate,Tablet,331.87,49.46
2025-01-02,ORD7543,CUST038,East,Home Office,Chair,165.34,38.34
2025-01-02,ORD9085,CUST033,East,Consumer,Tablet,591.68,107.98
2025-01-02,ORD3621,CUST010,North,Consumer,Smartphone,692.25,106.62
2025-01-02,ORD7252,CUST025,West,Home Office,Smartphone,1138.75,99.04
2025-01-02,ORD1188,CUST036,West,Home Office,Printer,1942.21,398.2
2025-01-02,ORD6573,CUST050,North,Home Office,Printer,1885.05,431.61
2025-01-02,ORD8433,CUST011,North,Corporate,Chair,1236.01,289.69
2025-01-02,ORD3927,CUST033,North,Home Office,Printer,268.14,23.92
2025-01-03,ORD9317,CUST041,North,Home Office,Printer,185.93,21.39
2025-01-03,ORD3646,CUST049,South,Consumer,Desk,838.49,87.43
2025-01-03,ORD1319,CUST032,North,Home Office,Desk,1674.6,203.21
2025-01-03,ORD1949,CUST016,North,Corporate,Printer,633.78,100.48
2025-01-03,ORD8962,CUST006,South,Home Office,Smartphone,367.76,77.39
2025-01-03,ORD8787,CUST009,North,Home Office,Tablet,241.65,59.78
2025-01-03,ORD9835,CUST014,South,Corporate,Chair,1567.27,140.65
2025-01-03,ORD7118,CUST026,South,Home Office,Printer,110.49,23.54
2025-01-03,ORD5061,CUST008,West,Home Office,Accessories,1443.03,282.55
2025-01-03,ORD4770,CUST002,South,Consumer,Desk,1565.41,101.45
2025-01-03,ORD1964,CUST046,South,Consumer,Smartphone,781.08,57.15
2025-01-03,ORD2160,CUST022,South,Consumer,Laptop,1739.9,303.89
2025-01-03,ORD9834,CUST014,South,Corporate,Accessories,728.71,45.7
2025-01-04,ORD4119,CUST027,West,Consumer,Accessories,690.87,79.48
2025-01-04,ORD7939,CUST023,North,Consumer,Chair,1486.25,263.83
2025-01-04,ORD2612,CUST044,West,Corporate,Laptop,1785.7,257.93
2025-01-04,ORD5073,CUST007,North,Corporate,Desk,327.23,63.04
2025-01-04,ORD7912,CUST009,South,Consumer,Accessories,1545.49,250.76
2025-01-04,ORD2235,CUST016,South,Corporate,Accessories,1564.84,232.78
2025-01-04,ORD9856,CUST004,West,Home Office,Smartphone,1093.19,148.14
2025-01-05,ORD8956,CUST027,North,Consumer,Tablet,148.3,10.62
2025-01-05,ORD3697,CUST004,West,Consumer,Chair,159.72,28.32
2025-01-05,ORD8454,CUST017,West,Consumer,Chair,697.28,105.79
2025-01-05,ORD4111,CUST010,East,Corporate,Accessories,1824.38,182.18
2025-01-05,ORD9883,CUST038,East,Consumer,Laptop,879.73,176.92
2025-01-06,ORD8811,CUST038,East,Consumer,Laptop,534.72,34.97
2025-01-06,ORD2122,CUST012,South,Consumer,Smartphone,650.53,53.5
2025-01-06,ORD2964,CUST026,North,Home Office,Monitor,1866.43,394.98
2025-01-06,ORD2343,CUST040,South,Home Office,Laptop,1303.47,292.36
2025-01-06,ORD4346,CUST017,West,Home Office,Desk,1626.98,142.06
2025-01-07,ORD3144,CUST026,East,Consumer,Printer,1795.86,283.51
2025-01-07,ORD2188,CUST049,East,Corporate,Desk,1634.14,374.57
2025-01-07,ORD9808,CUST005,North,Corporate,Smartphone,704.21,50.71
2025-01-07,ORD6718,CUST009,South,Home Office,Printer,533.08,72.19
2025-01-07,ORD3584,CUST019,North,Consumer,Desk,1654.23,367.48
2025-01-07,ORD9666,CUST040,West,Home Office,Printer,113.21,17.22
2025-01-07,ORD2697,CUST043,North,Home Office,Printer,893.08,84.33
2025-01-07,ORD3546,CUST007,South,Corporate,Smartphone,327.74,38.52
2025-01-07,ORD6617,CUST046,East,Corporate,Monitor,1891.53,216.85
2025-01-07,ORD9004,CUST033,South,Home Office,Printer,1085.7,206.94
2025-01-07,ORD7939,CUST041,East,Consumer,Smartphone,790.9,193.26
2025-01-07,ORD3143,CUST022,East,Consumer,Laptop,1928.65,193.55
2025-01-07,ORD8007,CUST036,East,Consumer,Accessories,1044.77,115.11
2025-01-07,ORD3442,CUST045,North,Consumer,Smartphone,641.2,36.79
2025-01-07,ORD3088,CUST028,North,Corporate,Tablet,1258.17,189.4
2025-01-08,ORD4441,CUST023,East,Corporate,Laptop,197.81,20.91
2025-01-08,ORD7658,CUST023,South,Home Office,Smartphone,1825.71,178.76
2025-01-08,ORD7755,CUST012,South,Consumer,Tablet,375.3,55.5
2025-01-08,ORD5065,CUST027,North,Consumer,Desk,1972.74,194.14
2025-01-08,ORD1634,CUST025,East,Consumer,Smartphone,1377.06,278.61
2025-01-09,ORD6000,CUST023,South,Consumer,Accessories,551.51,107.9
2025-01-09,ORD4164,CUST043,South,Consumer,Laptop,798.79,140.96
2025-01-09,ORD5573,CUST005,West,Corporate,Printer,1303.71,204.88
2025-01-09,ORD9785,CUST044,East,Home Office,Chair,271.55,58.94
2025-01-09,ORD3925,CUST017,East,Consumer,Smartphone,709.48,61.94
2025-01-09,ORD8119,CUST039,East,Consumer,Smartphone,177.47,29.85
2025-01-09,ORD9379,CUST028,East,Home Office,Desk,1387.37,73.97
2025-01-09,ORD1727,CUST017,North,Corporate,Monitor,1072.98,102.25
2025-01-09,ORD8066,CUST024,West,Consumer,Monitor,1325.83,112.53
2025-01-09,ORD6143,CUST040,North,Home Office,Desk,1412.78,179.91
2025-01-09,ORD6067,CUST033,North,Home Office,Printer,1879.79,145.69
2025-01-09,ORD5844,CUST045,West,Corporate,Chair,748.03,54.38
2025-01-10,ORD7211,CUST043,South,Consumer,Chair,1856.92,418.68
2025-01-10,ORD9977,CUST026,South,Home Office,Printer,590.09,107.39
2025-01-10,ORD8043,CUST014,North,Corporate,Printer,1652.72,266.15
2025-01-10,ORD4501,CUST029,East,Corporate,Accessories,1106.34,108.83
2025-01-10,ORD2389,CUST043,West,Home Office,Tablet,276.9,63.53
2025-01-10,ORD4848,CUST006,East,Home Office,Desk,1810.79,319.82
2025-01-10,ORD1400,CUST010,East,Consumer,Monitor,744.16,89.18
2025-01-10,ORD2193,CUST040,North,Consumer,Accessories,1479.32,339.39
2025-01-10,ORD7291,CUST046,West,Corporate,Monitor,1785.46,367.76
2025-01-10,ORD1090,CUST010,West,Corporate,Monitor,1319.86,88.2
2025-01-10,ORD9486,CUST012,North,Corporate,Monitor,407.09,93.51
2025-01-10,ORD8478,CUST008,West,Consumer,Monitor,1252.22,64.91
2025-01-10,ORD8251,CUST049,South,Corporate,Desk,292.8,53.49
2025-01-11,ORD8777,CUST011,West,Home Office,Accessories,109.62,9.01
2025-01-11,ORD5543,CUST041,West,Corporate,Monitor,1142.59,215.24
2025-01-11,ORD8206,CUST018,West,Home Office,Monitor,1338.73,126.98
2025-01-11,ORD5451,CUST016,North,Home Office,Printer,1453.14,141.61
2025-01-11,ORD3471,CUST009,East,Corporate,Smartphone,718.26,143.15
2025-01-11,ORD4505,CUST046,South,Corporate,Tablet,1334.3,293.34
2025-01-11,ORD9890,CUST022,North,Corporate,Chair,1349.46,220.85
2025-01-11,ORD7883,CUST014,West,Corporate,Laptop,277.98,34.34
2025-01-11,ORD7232,CUST049,West,Home Office,Laptop,603.88,59.66
2025-01-11,ORD7389,CUST020,West,Consumer,Desk,1948.72,250.64
2025-01-11,ORD4595,CUST032,West,Home Office,Monitor,1794.89,316.31
2025-01-11,ORD7371,CUST002,East,Corporate,Accessories,1610.14,242.37
2025-01-11,ORD3704,CUST047,East,Home Office,Chair,1196.12,177.63
2025-01-11,ORD1444,CUST026,West,Consumer,Laptop,470.96,91.6
2025-01-12,ORD1823,CUST012,West,Consumer,Accessories,633.47,34.75
2025-01-12,ORD8449,CUST014,East,Corporate,Desk,1326.4,113.3
2025-01-12,ORD7906,CUST018,East,Corporate,Chair,1886.87,454.33
2025-01-12,ORD9837,CUST002,East,Consumer,Accessories,1838.24,228.0
2025-01-12,ORD2124,CUST042,North,Corporate,Monitor,129.37,30.49
2025-01-12,ORD1333,CUST013,North,Consumer,Monitor,913.55,222.3
2025-01-13,ORD2874,CUST031,South,Consumer,Tablet,1930.88,425.96
2025-01-13,ORD7043,CUST050,South,Corporate,Printer,659.45,83.76
2025-01-13,ORD3683,CUST050,South,Home Office,Smartphone,1717.16,194.7
2025-01-13,ORD7149,CUST020,East,Consumer,Laptop,422.04,68.1
2025-01-13,ORD4978,CUST005,West,Home Office,Monitor,1878.69,355.46
2025-01-13,ORD2983,CUST044,North,Home Office,Printer,1183.12,82.15
2025-01-13,ORD7071,CUST043,North,Corporate,Chair,1268.51,314.6
2025-01-13,ORD7882,CUST001,North,Home Office,Desk,366.16,56.27
2025-01-13,ORD8532,CUST024,West,Consumer,Chair,1767.01,350.14
2025-01-13,ORD9548,CUST047,South,Corporate,Tablet,1424.33,271.33
2025-01-13,ORD8136,CUST030,East,Home Office,Accessories,783.03,85.13
2025-01-13,ORD5569,CUST006,East,Corporate,Monitor,1637.79,347.25
2025-01-13,ORD7209,CUST037,West,Consumer,Accessories,1747.44,406.54
2025-01-13,ORD3979,CUST021,East,Consumer,Accessories,1071.55,161.06
2025-01-14,ORD5581,CUST022,South,Corporate,Printer,1616.76,291.01
2025-01-14,ORD4130,CUST034,East,Home Office,Laptop,1433.74,299.88
2025-01-14,ORD4937,CUST032,North,Consumer,Chair,1791.01,210.62
2025-01-14,ORD1282,CUST029,West,Home Office,Accessories,813.61,55.97
2025-01-14,ORD4986,CUST026,North,Corporate,Monitor,1198.73,68.55
2025-01-14,ORD9698,CUST031,East,Home Office,Desk,984.64,156.09
2025-01-14,ORD8434,CUST023,East,Corporate,Desk,644.43,108.37
2025-01-14,ORD2976,CUST015,East,Corporate,Printer,157.95,9.08
2025-01-14,ORD9779,CUST048,South,Corporate,Smartphone,1662.94,202.94
2025-01-14,ORD8933,CUST048,South,Consumer,Monitor,341.41,52.73
2025-01-14,ORD4180,CUST007,East,Home Office,Printer,1562.99,145.61
2025-01-14,ORD5952,CUST012,East,Consumer,Desk,1283.49,86.08
2025-01-15,ORD5786,CUST004,South,Corporate,Laptop,198.2,30.97
2025-01-15,ORD1200,CUST007,South,Home Office,Accessories,1127.21,200.06
2025-01-15,ORD6582,CUST029,East,Corporate,Accessories,1479.57,362.75
2025-01-15,ORD2869,CUST031,South,Consumer,Printer,1080.97,123.87
2025-01-15,ORD1878,CUST005,North,Corporate,Accessories,1610.85,167.8
2025-01-16,ORD5066,CUST006,South,Home Office,Printer,934.05,61.36
2025-01-16,ORD4697,CUST039,North,Home Office,Chair,148.17,35.94
2025-01-16,ORD8025,CUST020,West,Corporate,Accessories,1688.36,319.43
2025-01-16,ORD2625,CUST040,East,Home Office,Laptop,877.01,74.25
2025-01-16,ORD2330,CUST017,South,Home Office,Monitor,397.23,39.74
2025-01-16,ORD2229,CUST036,South,Consumer,Tablet,1143.53,220.61
2025-01-16,ORD8699,CUST029,South,Consumer,Chair,1354.38,143.55
2025-01-17,ORD5632,CUST046,North,Consumer,Printer,1914.24,378.21
2025-01-17,ORD4241,CUST017,West,Consumer,Monitor,1153.27,198.76
2025-01-17,ORD3441,CUST042,West,Consumer,Monitor,897.24,89.32
2025-01-17,ORD3718,CUST004,East,Consumer,Smartphone,776.35,156.49
2025-01-17,ORD3037,CUST029,East,Home Office,Printer,127.35,9.32
2025-01-17,ORD7594,CUST045,West,Home Office,Printer,187.41,10.9
2025-01-17,ORD2317,CUST029,East,Home Office,Accessories,1725.38,329.08
2025-01-17,ORD5102,CUST039,North,Corporate,Desk,1000.93,69.63
2025-01-17,ORD1339,CUST044,North,Consumer,Monitor,1034.07,149.62
2025-01-18,ORD3870,CUST049,East,Home Office,Laptop,429.08,58.69
2025-01-18,ORD3973,CUST018,West,Home Office,Accessories,857.16,148.43
2025-01-18,ORD8700,CUST006,West,Home Office,Accessories,1306.68,77.17
2025-01-18,ORD2713,CUST021,East,Corporate,Desk,811.76,142.2
2025-01-18,ORD9117,CUST045,South,Corporate,Chair,1055.96,233.68
2025-01-18,ORD1601,CUST049,East,Home Office,Chair,1351.52,111.62
2025-01-18,ORD6296,CUST017,West,Consumer,Desk,234.08,41.78
2025-01-18,ORD9889,CUST043,North,Corporate,Laptop,150.37,25.14
2025-01-18,ORD9494,CUST013,West,Corporate,Laptop,1886.44,311.44
2025-01-18,ORD8242,CUST041,East,Home Office,Accessories,837.52,149.63
2025-01-18,ORD3146,CUST036,North,Consumer,Printer,970.68,154.46
2025-01-18,ORD1472,CUST008,East,Corporate,Accessories,1888.78,240.29
2025-01-18,ORD1224,CUST020,South,Home Office,Tablet,1926.26,445.1
2025-01-18,ORD8560,CUST008,West,Consumer,Monitor,472.0,30.15
2025-01-18,ORD5781,CUST032,North,Home Office,Tablet,291.48,15.64
2025-01-19,ORD4993,CUST031,East,Corporate,Accessories,279.44,52.14
2025-01-19,ORD4122,CUST025,West,Home Office,Tablet,235.26,26.77
2025-01-19,ORD7798,CUST050,South,Consumer,Printer,1705.26,93.2
2025-01-19,ORD5634,CUST001,East,Home Office,Printer,1647.49,175.25
2025-01-19,ORD8316,CUST010,East,Home Office,Accessories,324.51,61.45
2025-01-19,ORD9903,CUST036,West,Corporate,Desk,1294.99,292.01
2025-01-19,ORD4912,CUST013,West,Corporate,Desk,1496.63,315.33
2025-01-19,ORD6213,CUST003,West,Consumer,Chair,635.87,54.36
2025-01-19,ORD3492,CUST025,West,Home Office,Chair,1526.17,322.58
2025-01-19,ORD6439,CUST033,West,Consumer,Tablet,1981.96,262.66
2025-01-19,ORD8486,CUST034,North,Corporate,Smartphone,806.83,165.63
2025-01-19,ORD3529,CUST027,North,Home Office,Tablet,747.53,176.53
2025-01-19,ORD7512,CUST022,North,Corporate,Printer,1730.98,235.07
2025-01-20,ORD8994,CUST021,North,Corporate,Chair,1526.66,306.72
2025-01-20,ORD5708,CUST016,North,Home Office,Smartphone,295.94,68.22
2025-01-20,ORD2612,CUST028,South,Home Office,Smartphone,1059.98,228.2
2025-01-20,ORD5906,CUST045,North,Corporate,Tablet,708.09,162.23
2025-01-20,ORD5806,CUST004,North,Consumer,Desk,839.48,43.79
2025-01-20,ORD5000,CUST010,East,Corporate,Chair,1820.23,124.24
2025-01-20,ORD3868,CUST011,West,Home Office,Tablet,706.7,169.62
2025-01-20,ORD4945,CUST040,North,Home Office,Chair,1906.15,313.92
2025-01-20,ORD8555,CUST015,West,Home Office,Tablet,1300.49,181.66
2025-01-20,ORD1153,CUST043,East,Corporate,Printer,657.1,76.05
2025-01-20,ORD8237,CUST005,West,Corporate,Tablet,1377.79,276.21
2025-01-20,ORD7951,CUST041,East,Home Office,Printer,1604.0,333.51
2025-01-20,ORD7302,CUST013,East,Corporate,Printer,273.29,40.69
2025-01-20,ORD6881,CUST025,West,Consumer,Monitor,209.36,33.48
2025-01-20,ORD7484,CUST002,East,Home Office,Printer,938.91,213.64
2025-01-21,ORD9138,CUST039,North,Home Office,Laptop,766.74,56.29
2025-01-21,ORD4115,CUST015,East,Consumer,Desk,371.68,75.19
2025-01-21,ORD2591,CUST041,East,Home Office,Tablet,1274.61,89.51
2025-01-21,ORD6977,CUST003,North,Corporate,Accessories,259.8,49.41
2025-01-21,ORD7807,CUST021,South,Consumer,Printer,238.25,51.07
2025-01-21,ORD6994,CUST035,South,Consumer,Tablet,1441.86,95.55
2025-01-21,ORD5835,CUST031,East,Consumer,Printer,261.19,64.6
2025-01-21,ORD3306,CUST005,East,Consumer,Accessories,811.11,100.68
2025-01-21,ORD6992,CUST036,South,Home Office,Chair,1644.32,393.73
2025-01-22,ORD3024,CUST035,West,Consumer,Printer,1973.4,396.01
2025-01-22,ORD7242,CUST038,West,Corporate,Printer,814.89,54.35
2025-01-22,ORD1410,CUST031,East,Consumer,Monitor,1576.58,254.9
2025-01-22,ORD2035,CUST042,East,Home Office,Monitor,906.02,209.54
2025-01-22,ORD7689,CUST042,West,Home Office,Printer,311.28,46.23
2025-01-22,ORD5986,CUST003,North,Consumer,Laptop,121.57,17.47
2025-01-23,ORD3222,CUST035,North,Consumer,Monitor,206.98,15.27
2025-01-23,ORD9850,CUST043,West,Corporate,Desk,323.3,58.14
2025-01-23,ORD2622,CUST027,West,Home Office,Tablet,1517.49,252.93
2025-01-23,ORD1536,CUST018,West,Home Office,Chair,1928.13,240.97
2025-01-23,ORD4868,CUST029,East,Consumer,Accessories,642.85,143.82
2025-01-23,ORD6876,CUST035,East,Consumer,Desk,524.83,127.35
2025-01-23,ORD3001,CUST013,North,Corporate,Printer,123.09,30.03
2025-01-23,ORD1349,CUST042,West,Consumer,Monitor,182.0,41.54
2025-01-23,ORD4362,CUST009,North,Corporate,Monitor,1102.63,274.11
2025-01-23,ORD4538,CUST038,North,Home Office,Monitor,240.21,38.62
2025-01-23,ORD1046,CUST039,South,Corporate,Tablet,1941.67,300.22
2025-01-23,ORD5106,CUST035,East,Consumer,Tablet,1295.86,245.11
2025-01-24,ORD1243,CUST009,North,Home Office,Laptop,963.63,169.13
2025-01-24,ORD3854,CUST002,East,Consumer,Desk,1210.2,278.63
2025-01-24,ORD7897,CUST048,East,Consumer,Tablet,186.35,19.79
2025-01-24,ORD8344,CUST031,North,Home Office,Smartphone,1905.78,434.62
2025-01-24,ORD9254,CUST029,East,Home Office,Smartphone,965.75,168.07
2025-01-24,ORD9543,CUST047,South,Home Office,Laptop,627.02,54.94
2025-01-24,ORD8847,CUST004,East,Corporate,Laptop,981.03,118.38
2025-01-25,ORD8267,CUST032,West,Home Office,Smartphone,1208.95,79.24
2025-01-25,ORD3430,CUST039,North,Consumer,Desk,1951.35,482.46
2025-01-25,ORD9984,CUST040,North,Consumer,Printer,1426.51,224.27
2025-01-25,ORD9282,CUST030,East,Corporate,Printer,688.1,146.4
2025-01-25,ORD4522,CUST042,West,Consumer,Smartphone,1400.99,115.61
2025-01-25,ORD6553,CUST027,West,Corporate,Monitor,1830.76,392.71
2025-01-25,ORD2557,CUST047,West,Corporate,Chair,1904.62,371.67
2025-01-25,ORD5176,CUST043,East,Corporate,Desk,1265.49,169.13
2025-01-25,ORD2494,CUST005,East,Consumer,Accessories,1872.18,417.89
2025-01-25,ORD7105,CUST007,North,Consumer,Chair,185.92,10.28
2025-01-25,ORD6400,CUST038,South,Home Office,Laptop,815.28,172.93
2025-01-26,ORD7929,CUST043,North,Corporate,Desk,1975.82,158.23
2025-01-26,ORD2697,CUST023,North,Corporate,Printer,1228.85,155.05
2025-01-26,ORD2773,CUST015,South,Consumer,Accessories,1942.84,424.36
2025-01-26,ORD5564,CUST008,East,Home Office,Desk,1692.82,243.32
2025-01-26,ORD5381,CUST039,South,Corporate,Laptop,888.16,92.97
2025-01-26,ORD6062,CUST045,North,Consumer,Printer,207.11,46.17
2025-01-26,ORD3347,CUST012,East,Corporate,Laptop,1644.51,411.03
2025-01-26,ORD1502,CUST048,West,Consumer,Tablet,1993.61,321.14
2025-01-26,ORD7878,CUST025,North,Home Office,Monitor,1561.08,373.02
2025-01-26,ORD6105,CUST024,West,Corporate,Tablet,1714.33,170.52
2025-01-26,ORD3549,CUST004,East,Home Office,Smartphone,956.03,72.5
2025-01-26,ORD2336,CUST044,South,Home Office,Laptop,1912.7,327.52
2025-01-26,ORD8242,CUST032,East,Corporate,Chair,534.42,98.52
2025-01-26,ORD9394,CUST049,West,Corporate,Monitor,1274.44,155.01
2025-01-26,ORD5640,CUST008,North,Corporate,Chair,315.76,58.2
2025-01-27,ORD4612,CUST003,West,Home Office,Printer,1088.58,222.58
2025-01-27,ORD4349,CUST001,West,Home Office,Laptop,1088.31,239.9
2025-01-27,ORD5186,CUST049,East,Consumer,Tablet,1148.62,186.29
2025-01-27,ORD9149,CUST001,East,Corporate,Smartphone,1765.64,230.76
2025-01-27,ORD9725,CUST025,West,Consumer,Tablet,354.63,19.77
2025-01-27,ORD7505,CUST005,South,Home Office,Desk,1534.76,267.14
2025-01-27,ORD2275,CUST030,North,Corporate,Laptop,1437.75,133.13
2025-01-27,ORD7626,CUST037,East,Home Office,Chair,359.11,19.0
2025-01-27,ORD1341,CUST026,West,Corporate,Smartphone,766.12,128.7
2025-01-27,ORD6928,CUST045,East,Consumer,Accessories,845.26,116.22
2025-01-27,ORD8138,CUST016,North,Corporate,Smartphone,1817.9,217.51
2025-01-27,ORD6083,CUST026,West,Home Office,Smartphone,1076.58,222.56
2025-01-27,ORD3754,CUST050,East,Consumer,Desk,853.43,148.85
2025-01-27,ORD9355,CUST034,North,Home Office,Smartphone,1738.49,417.07
2025-01-27,ORD3419,CUST047,South,Corporate,Desk,379.44,89.29
2025-01-28,ORD3842,CUST013,North,Consumer,Printer,1035.02,105.21
2025-01-28,ORD9095,CUST012,South,Home Office,Smartphone,972.36,239.21
2025-01-28,ORD6295,CUST044,West,Home Office,Accessories,1035.97,119.91
2025-01-28,ORD8682,CUST005,East,Consumer,Accessories,1303.46,127.78
2025-01-28,ORD1920,CUST018,West,Home Office,Printer,244.14,18.5
2025-01-28,ORD8565,CUST020,East,Home Office,Smartphone,343.29,27.59
2025-01-28,ORD5703,CUST024,West,Consumer,Laptop,363.77,64.81
2025-01-28,ORD9307,CUST040,North,Home Office,Smartphone,445.57,53.08
2025-01-29,ORD4084,CUST029,West,Home Office,Laptop,1803.9,261.19
2025-01-29,ORD3471,CUST033,East,Home Office,Accessories,1368.36,115.58
2025-01-29,ORD2381,CUST022,North,Corporate,Smartphone,465.35,27.07
2025-01-29,ORD8172,CUST046,South,Consumer,Monitor,420.98,44.51
2025-01-29,ORD7108,CUST024,West,Home Office,Tablet,436.32,29.56
2025-01-29,ORD6543,CUST050,East,Corporate,Chair,329.21,46.8
2025-01-29,ORD6401,CUST005,North,Home Office,Desk,492.03,60.45
2025-01-29,ORD5128,CUST019,North,Home Office,Chair,1056.49,198.7
2025-01-29,ORD3317,CUST038,South,Corporate,Smartphone,174.69,36.66
2025-01-29,ORD2388,CUST009,East,Corporate,Chair,1293.01,85.79
2025-01-29,ORD6381,CUST042,East,Home Office,Chair,1759.8,412.1
2025-01-30,ORD6928,CUST033,North,Home Office,Chair,216.05,22.77
2025-01-30,ORD4509,CUST012,North,Corporate,Printer,1631.78,325.79
2025-01-30,ORD3253,CUST015,East,Corporate,Monitor,450.59,41.4
2025-01-30,ORD9317,CUST007,South,Consumer,Printer,803.9,118.1
2025-01-30,ORD3147,CUST050,North,Home Office,Desk,1274.68,157.78
2025-01-30,ORD3712,CUST012,West,Consumer,Tablet,978.82,195.27
2025-01-30,ORD4891,CUST024,West,Consumer,Chair,169.7,17.05
2025-01-31,ORD9749,CUST015,East,Home Office,Accessories,1455.36,333.34
2025-01-31,ORD7026,CUST013,South,Corporate,Accessories,1072.19,167.71
2025-01-31,ORD7256,CUST050,West,Corporate,Printer,303.63,42.35
2025-01-31,ORD3267,CUST039,West,Consumer,Monitor,1111.97,109.52
2025-01-31,ORD2680,CUST024,East,Consumer,Accessories,611.56,76.72
2025-01-31,ORD3626,CUST049,North,Corporate,Smartphone,138.14,15.81
2025-01-31,ORD2502,CUST028,East,Corporate,Tablet,501.75,57.95
2025-01-31,ORD7797,CUST002,South,Corporate,Desk,327.55,74.72
2025-01-31,ORD7326,CUST016,North,Corporate,Desk,1227.83,228.16
2025-01-31,ORD6221,CUST002,North,Corporate,Monitor,1599.43,239.42
2025-01-31,ORD3254,CUST010,North,Home Office,Desk,265.15,41.74
2025-01-31,ORD3273,CUST045,North,Corporate,Accessories,1215.0,241.89
2025-02-01,ORD1311,CUST006,West,Home Office,Laptop,920.15,69.49
2025-02-01,ORD9647,CUST036,East,Consumer,Tablet,639.17,78.37
2025-02-01,ORD5934,CUST016,West,Consumer,Printer,1327.24,217.87
2025-02-01,ORD8489,CUST027,North,Consumer,Monitor,776.58,192.05
2025-02-01,ORD9782,CUST039,North,Consumer,Accessories,1250.97,121.9
2025-02-01,ORD3352,CUST046,North,Home Office,Monitor,293.39,23.64
2025-02-01,ORD6780,CUST040,East,Corporate,Laptop,567.32,46.6
2025-02-01,ORD2402,CUST012,South,Home Office,Chair,454.48,48.64
2025-02-01,ORD8702,CUST025,East,Consumer,Laptop,429.41,98.49
2025-02-01,ORD5155,CUST024,North,Home Office,Chair,252.44,39.1
2025-02-01,ORD4950,CUST023,North,Corporate,Smartphone,879.75,216.84
2025-02-01,ORD1726,CUST009,North,Home Office,Desk,312.87,40.54
2025-02-02,ORD8612,CUST050,East,Home Office,Tablet,1941.99,433.26
2025-02-02,ORD2033,CUST009,West,Home Office,Tablet,1652.44,167.86
2025-02-02,ORD1717,CUST013,West,Consumer,Printer,424.69,78.03
2025-02-02,ORD9444,CUST020,South,Consumer,Desk,1865.81,301.05
2025-02-02,ORD1599,CUST017,West,Home Office,Accessories,1186.06,125.72
2025-02-02,ORD1783,CUST050,South,Corporate,Desk,1562.04,136.54
2025-02-02,ORD8159,CUST024,East,Corporate,Smartphone,714.99,96.59
2025-02-02,ORD6554,CUST025,West,Home Office,Accessories,1064.46,104.83
2025-02-02,ORD9507,CUST024,South,Corporate,Accessories,318.19,54.77
2025-02-02,ORD8055,CUST006,East,Consumer,Chair,648.4,107.79
2025-02-03,ORD2680,CUST021,South,Home Office,Printer,393.29,57.51
2025-02-03,ORD8305,CUST020,North,Corporate,Printer,1111.92,67.12
2025-02-03,ORD8325,CUST023,West,Consumer,Accessories,739.55,56.86
2025-02-03,ORD8126,CUST040,North,Home Office,Desk,220.41,54.66
2025-02-03,ORD7655,CUST005,East,Home Office,Laptop,712.47,151.03
2025-02-03,ORD3339,CUST002,East,Home Office,Tablet,583.82,108.77
2025-02-03,ORD4866,CUST005,West,Consumer,Tablet,1544.43,261.21
2025-02-03,ORD1530,CUST037,East,Corporate,Chair,995.99,131.84
2025-02-03,ORD7095,CUST024,South,Home Office,Accessories,762.85,179.96
2025-02-03,ORD7012,CUST034,West,Consumer,Tablet,1678.18,407.81
2025-02-03,ORD2858,CUST016,West,Corporate,Printer,336.16,65.95
2025-02-03,ORD9482,CUST032,North,Home Office,Tablet,1882.85,162.39
2025-02-03,ORD5264,CUST017,West,Home Office,Smartphone,226.34,44.87
2025-02-03,ORD9047,CUST045,West,Consumer,Printer,1191.5,260.18
2025-02-04,ORD3828,CUST029,North,Consumer,Smartphone,365.57,76.42
2025-02-04,ORD6692,CUST043,West,Consumer,Desk,483.09,39.97
2025-02-04,ORD3580,CUST020,North,Home Office,Printer,412.11,87.74
2025-02-04,ORD4292,CUST008,South,Corporate,Monitor,1363.87,210.87
2025-02-04,ORD6912,CUST002,South,Consumer,Accessories,781.78,176.24
2025-02-04,ORD2412,CUST040,East,Corporate,Tablet,845.65,180.39
2025-02-04,ORD8842,CUST046,North,Corporate,Chair,934.36,117.16
2025-02-04,ORD6194,CUST009,West,Corporate,Smartphone,979.09,107.97
2025-02-05,ORD9476,CUST044,North,Corporate,Accessories,1520.46,228.9
2025-02-05,ORD3114,CUST050,East,Consumer,Tablet,541.2,124.43
2025-02-05,ORD9488,CUST008,West,Home Office,Laptop,829.39,131.63
2025-02-05,ORD6286,CUST011,South,Corporate,Tablet,1822.3,318.62
2025-02-05,ORD5105,CUST006,South,Corporate,Printer,322.11,76.65
2025-02-05,ORD5961,CUST009,South,Home Office,Printer,1292.65,151.22
2025-02-05,ORD3526,CUST038,North,Home Office,Tablet,364.62,76.13
2025-02-05,ORD1674,CUST037,South,Home Office,Desk,1278.14,200.27
2025-02-05,ORD5336,CUST042,North,Consumer,Laptop,1798.4,373.56
2025-02-05,ORD1496,CUST040,South,Home Office,Chair,388.18,43.61
2025-02-05,ORD5949,CUST042,West,Home Office,Printer,572.13,113.73
2025-02-05,ORD8430,CUST020,West,Consumer,Chair,163.71,26.84
2025-02-05,ORD8202,CUST011,North,Home Office,Laptop,1548.67,349.0
2025-02-05,ORD6573,CUST014,West,Corporate,Accessories,749.96,160.68
2025-02-05,ORD6658,CUST047,South,Corporate,Desk,310.2,68.02
2025-02-06,ORD4960,CUST021,South,Corporate,Smartphone,342.23,44.3
2025-02-06,ORD5061,CUST029,West,Consumer,Printer,1614.86,129.16
2025-02-06,ORD7293,CUST019,South,Consumer,Laptop,535.58,104.14
2025-02-06,ORD6123,CUST021,West,Consumer,Tablet,1468.07,261.65
2025-02-06,ORD8648,CUST033,South,Consumer,Accessories,1418.5,224.9
2025-02-06,ORD2475,CUST002,West,Corporate,Accessories,578.42,68.91
2025-02-06,ORD4524,CUST016,West,Home Office,Accessories,445.04,103.11
2025-02-06,ORD9108,CUST019,East,Consumer,Laptop,1208.44,157.3
2025-02-06,ORD8060,CUST007,West,Corporate,Laptop,977.81,234.14
2025-02-06,ORD7606,CUST049,South,Corporate,Desk,391.37,65.46
2025-02-06,ORD4189,CUST004,East,Consumer,Chair,1061.19,182.83
2025-02-07,ORD8378,CUST033,East,Consumer,Chair,134.41,30.16
2025-02-07,ORD2584,CUST009,East,Home Office,Smartphone,1871.02,305.03
2025-02-07,ORD6990,CUST036,West,Corporate,Desk,1423.64,333.84
2025-02-07,ORD1659,CUST033,South,Consumer,Chair,1443.75,116.23
2025-02-07,ORD6456,CUST046,North,Consumer,Tablet,1194.95,204.75
2025-02-07,ORD9446,CUST010,West,Home Office,Accessories,905.85,178.71
2025-02-07,ORD7438,CUST011,South,Corporate,Desk,1875.3,440.91
2025-02-07,ORD9351,CUST033,East,Home Office,Desk,956.59,69.49
2025-02-07,ORD1272,CUST031,West,Home Office,Printer,1971.2,429.29
2025-02-07,ORD6040,CUST027,East,Corporate,Smartphone,336.86,78.88
2025-02-08,ORD4728,CUST017,North,Home Office,Accessories,1752.8,269.52
2025-02-08,ORD9589,CUST011,North,Home Office,Accessories,1223.42,158.8
2025-02-08,ORD2800,CUST003,West,Consumer,Monitor,204.05,23.88
2025-02-08,ORD7861,CUST021,South,Consumer,Accessories,1625.42,82.78
2025-02-08,ORD9221,CUST027,South,Corporate,Monitor,733.65,95.11
2025-02-08,ORD3262,CUST046,West,Home Office,Laptop,1121.05,262.29
2025-02-08,ORD8837,CUST043,South,Home Office,Desk,758.06,90.51
2025-02-08,ORD9734,CUST030,West,Corporate,Tablet,1501.25,210.84
2025-02-08,ORD5331,CUST044,East,Home Office,Desk,526.75,74.0
2025-02-08,ORD5890,CUST018,West,Consumer,Monitor,367.63,31.35
2025-02-08,ORD4396,CUST046,South,Corporate,Printer,1046.9,140.06
2025-02-08,ORD5480,CUST023,West,Corporate,Accessories,1838.21,225.14
2025-02-08,ORD6654,CUST026,East,Consumer,Chair,1203.12,212.29
2025-02-08,ORD2294,CUST019,South,Corporate,Laptop,124.88,22.82
2025-02-08,ORD8849,CUST048,East,Corporate,Printer,438.27,106.16
2025-02-09,ORD5450,CUST036,South,Home Office,Printer,382.46,50.84
2025-02-09,ORD1831,CUST016,South,Consumer,Monitor,262.16,65.38
2025-02-09,ORD2641,CUST004,South,Home Office,Monitor,1054.17,178.24
2025-02-09,ORD3252,CUST007,West,Corporate,Accessories,227.45,45.49
2025-02-09,ORD8793,CUST027,North,Home Office,Tablet,498.82,114.53
2025-02-09,ORD5706,CUST049,West,Home Office,Monitor,489.77,43.17
2025-02-09,ORD2465,CUST050,East,Corporate,Laptop,169.44,24.47
2025-02-09,ORD7846,CUST012,South,Home Office,Laptop,1173.2,74.08
2025-02-10,ORD5742,CUST012,North,Corporate,Accessories,1573.5,221.32
2025-02-10,ORD2758,CUST037,North,Consumer,Printer,1096.34,151.46
2025-02-10,ORD9901,CUST042,East,Corporate,Accessories,861.45,139.49
2025-02-10,ORD4159,CUST018,West,Consumer,Accessories,394.96,34.12
2025-02-10,ORD8518,CUST047,North,Corporate,Tablet,1737.39,415.62
2025-02-10,ORD6523,CUST001,East,Home Office,Tablet,809.29,84.29
2025-02-10,ORD7643,CUST012,East,Home Office,Monitor,1323.6,174.38
2025-02-11,ORD2562,CUST043,East,Consumer,Chair,148.23,12.04
2025-02-11,ORD5064,CUST021,South,Consumer,Accessories,1460.35,265.47
2025-02-11,ORD8319,CUST016,North,Corporate,Chair,151.48,14.3
2025-02-11,ORD1187,CUST038,East,Corporate,Printer,539.04,99.39
2025-02-11,ORD4871,CUST045,East,Home Office,Desk,137.45,9.73
2025-02-11,ORD6026,CUST030,North,Home Office,Smartphone,1619.84,138.83
2025-02-11,ORD2923,CUST045,South,Corporate,Printer,1340.22,130.85
2025-02-11,ORD3188,CUST015,East,Corporate,Monitor,288.94,28.5
2025-02-11,ORD7121,CUST048,West,Consumer,Accessories,1472.31,325.59
2025-02-11,ORD9806,CUST049,West,Home Office,Accessories,1677.42,217.12
2025-02-11,ORD8319,CUST034,South,Consumer,Smartphone,1369.36,124.61
2025-02-12,ORD9972,CUST004,East,Consumer,Smartphone,656.98,150.62
2025-02-12,ORD6375,CUST011,South,Home Office,Tablet,124.7,8.37
2025-02-12,ORD9008,CUST046,West,Consumer,Monitor,494.98,27.38
2025-02-12,ORD8429,CUST004,North,Home Office,Accessories,444.73,74.1
2025-02-12,ORD1945,CUST030,South,Home Office,Chair,900.71,205.84
2025-02-12,ORD1356,CUST047,West,Home Office,Printer,1653.14,195.67
2025-02-12,ORD4570,CUST048,West,Corporate,Laptop,592.9,74.67
2025-02-12,ORD2044,CUST023,North,Consumer,Chair,1221.56,126.57
2025-02-12,ORD5703,CUST003,North,Consumer,Accessories,1285.88,169.58
2025-02-12,ORD7887,CUST050,West,Consumer,Tablet,1148.89,157.66
2025-02-12,ORD7154,CUST025,East,Corporate,Accessories,659.48,158.07
2025-02-12,ORD6697,CUST042,North,Home Office,Tablet,1550.85,121.0
2025-02-12,ORD3086,CUST034,North,Consumer,Chair,1750.09,258.11
2025-02-13,ORD9920,CUST030,North,Consumer,Printer,1799.65,377.87
2025-02-13,ORD5055,CUST015,West,Home Office,Chair,907.91,49.48
2025-02-13,ORD4088,CUST018,West,Corporate,Tablet,610.49,96.66
2025-02-13,ORD1256,CUST040,North,Consumer,Chair,1303.61,132.42
2025-02-13,ORD1550,CUST007,South,Consumer,Smartphone,364.78,79.15
2025-02-13,ORD1724,CUST016,West,Home Office,Laptop,1970.36,305.68
2025-02-13,ORD4559,CUST035,West,Corporate,Monitor,426.19,44.52
2025-02-13,ORD6224,CUST015,North,Consumer,Printer,134.94,31.42
2025-02-14,ORD9540,CUST010,East,Consumer,Printer,323.73,53.51
2025-02-14,ORD1998,CUST018,South,Corporate,Printer,620.7,99.83
2025-02-14,ORD9120,CUST036,South,Home Office,Chair,1337.7,288.87
2025-02-14,ORD6222,CUST034,North,Corporate,Chair,492.2,25.69
2025-02-14,ORD7167,CUST020,West,Corporate,Tablet,360.08,82.82
2025-02-14,ORD4692,CUST016,South,Home Office,Accessories,1760.39,298.36
2025-02-14,ORD1944,CUST030,East,Home Office,Tablet,1240.98,227.11
2025-02-14,ORD4978,CUST025,West,Corporate,Tablet,433.21,100.89
2025-02-14,ORD2295,CUST042,East,Consumer,Desk,895.66,113.42
2025-02-14,ORD4120,CUST035,West,Corporate,Smartphone,1085.94,64.5
2025-02-14,ORD1647,CUST044,North,Corporate,Chair,415.94,82.19
2025-02-14,ORD4422,CUST031,North,Consumer,Monitor,257.32,43.91
2025-02-14,ORD4113,CUST014,East,Corporate,Laptop,566.16,72.39
2025-02-14,ORD4350,CUST016,North,Home Office,Accessories,648.52,78.56
2025-02-15,ORD5637,CUST050,South,Home Office,Desk,1466.19,160.44
2025-02-15,ORD5285,CUST020,West,Corporate,Desk,1176.17,170.79
2025-02-15,ORD2615,CUST030,East,Home Office,Accessories,1360.98,323.05
2025-02-15,ORD6126,CUST024,West,Corporate,Monitor,1491.89,138.73
2025-02-15,ORD3390,CUST048,West,Consumer,Monitor,159.25,16.32
2025-02-15,ORD3497,CUST019,North,Corporate,Chair,1230.65,74.19
2025-02-15,ORD5026,CUST025,South,Corporate,Monitor,1043.1,176.67
2025-02-15,ORD9005,CUST017,West,Home Office,Desk,735.06,150.09
2025-02-15,ORD6770,CUST047,West,Corporate,Tablet,302.54,19.67
2025-02-15,ORD9882,CUST012,South,Consumer,Accessories,1483.56,221.2
2025-02-15,ORD1794,CUST005,North,Home Office,Laptop,1407.96,192.84
2025-02-16,ORD3474,CUST005,West,Consumer,Monitor,568.16,121.48
2025-02-16,ORD1990,CUST024,North,Consumer,Accessories,1618.89,305.87
2025-02-16,ORD1108,CUST002,West,Home Office,Accessories,617.08,103.7
2025-02-16,ORD5501,CUST034,West,Consumer,Laptop,785.85,53.69
2025-02-16,ORD2753,CUST012,East,Consumer,Chair,1842.9,142.57
2025-02-17,ORD9625,CUST040,South,Consumer,Monitor,1905.45,265.24
2025-02-17,ORD2294,CUST026,East,Corporate,Printer,451.75,71.55
2025-02-17,ORD4984,CUST037,East,Corporate,Accessories,1758.6,345.47
2025-02-17,ORD1519,CUST042,South,Corporate,Smartphone,1632.47,296.71
2025-02-17,ORD8798,CUST025,North,Corporate,Chair,1415.33,311.14
2025-02-17,ORD3807,CUST045,North,Home Office,Laptop,574.37,84.94
2025-02-18,ORD2562,CUST037,West,Corporate,Desk,520.3,128.79
2025-02-18,ORD8790,CUST045,North,Consumer,Monitor,1893.71,109.62
2025-02-18,ORD5593,CUST044,East,Consumer,Smartphone,1440.59,338.61
2025-02-18,ORD4394,CUST002,North,Consumer,Desk,443.09,72.48
2025-02-18,ORD5903,CUST005,South,Home Office,Chair,1839.43,104.46
2025-02-18,ORD7375,CUST037,South,Home Office,Monitor,1425.1,156.01
2025-02-19,ORD2284,CUST045,East,Corporate,Tablet,1856.35,453.34
2025-02-19,ORD4803,CUST028,East,Consumer,Smartphone,1894.11,274.35
2025-02-19,ORD6347,CUST050,North,Corporate,Chair,1737.88,380.44
2025-02-19,ORD9038,CUST029,North,Home Office,Printer,706.29,152.41
2025-02-19,ORD4043,CUST028,South,Corporate,Chair,170.31,28.83
2025-02-19,ORD2204,CUST016,West,Consumer,Printer,537.02,39.8
2025-02-19,ORD3527,CUST025,North,Corporate,Tablet,246.21,46.6
2025-02-19,ORD2499,CUST007,West,Corporate,Desk,745.76,145.39
2025-02-19,ORD5419,CUST024,North,Corporate,Accessories,224.18,25.35
2025-02-19,ORD8061,CUST012,North,Consumer,Smartphone,1125.03,234.17
2025-02-19,ORD1430,CUST007,West,Home Office,Chair,705.63,123.61
2025-02-19,ORD6315,CUST039,North,Corporate,Smartphone,1783.36,308.83
2025-02-19,ORD7353,CUST027,West,Consumer,Printer,542.62,29.78
2025-02-19,ORD9537,CUST037,North,Home Office,Monitor,1753.19,95.12
2025-02-19,ORD3274,CUST011,South,Home Office,Chair,1761.93,274.49
2025-02-20,ORD2036,CUST010,East,Corporate,Accessories,1884.23,395.23
2025-02-20,ORD5911,CUST027,South,Corporate,Printer,1996.07,239.81
2025-02-20,ORD5040,CUST017,West,Consumer,Desk,1557.66,203.1
2025-02-20,ORD2752,CUST030,West,Home Office,Monitor,1011.76,177.56
2025-02-20,ORD6443,CUST026,South,Corporate,Laptop,1759.99,434.39
2025-02-20,ORD8055,CUST022,West,Corporate,Accessories,1559.72,208.31
2025-02-20,ORD4290,CUST039,South,Corporate,Desk,900.58,177.88
2025-02-20,ORD6228,CUST026,West,Corporate,Tablet,553.68,39.92
2025-02-20,ORD4971,CUST037,East,Home Office,Accessories,773.78,83.14
2025-02-21,ORD2865,CUST024,West,Corporate,Chair,662.99,64.13
2025-02-21,ORD1440,CUST044,South,Home Office,Tablet,179.98,9.64
2025-02-21,ORD5773,CUST029,West,Home Office,Monitor,1976.67,267.95
2025-02-21,ORD5961,CUST009,North,Corporate,Accessories,830.22,154.36
2025-02-21,ORD7932,CUST046,South,Corporate,Tablet,514.68,123.52
2025-02-21,ORD8851,CUST039,West,Consumer,Accessories,1594.06,108.21
2025-02-21,ORD1602,CUST035,West,Home Office,Chair,893.4,201.75
2025-02-21,ORD5067,CUST007,East,Home Office,Smartphone,1894.99,271.89
2025-02-21,ORD7547,CUST037,East,Consumer,Laptop,1265.48,105.55
2025-02-21,ORD2615,CUST001,East,Corporate,Smartphone,1983.22,191.05
2025-02-22,ORD7129,CUST029,South,Home Office,Monitor,1891.19,340.28
2025-02-22,ORD1402,CUST023,West,Corporate,Tablet,1254.7,191.39
2025-02-22,ORD2406,CUST027,West,Consumer,Printer,538.27,45.92
2025-02-22,ORD6110,CUST023,North,Home Office,Tablet,518.92,45.3
2025-02-22,ORD8912,CUST034,East,Corporate,Monitor,1581.21,189.78
2025-02-22,ORD8412,CUST029,East,Corporate,Smartphone,209.9,51.18
2025-02-22,ORD2885,CUST003,East,Consumer,Printer,1779.19,419.09
2025-02-22,ORD3692,CUST044,North,Corporate,Smartphone,1990.32,168.74
2025-02-22,ORD3623,CUST036,South,Home Office,Tablet,852.86,171.98
2025-02-23,ORD4022,CUST026,West,Corporate,Monitor,1422.44,114.9
2025-02-23,ORD1478,CUST026,South,Home Office,Chair,1650.08,156.57
2025-02-23,ORD1072,CUST025,South,Corporate,Chair,525.25,82.67
2025-02-23,ORD2025,CUST049,South,Consumer,Printer,1226.59,203.64
2025-02-23,ORD6340,CUST024,North,Home Office,Tablet,273.82,61.74
2025-02-23,ORD9019,CUST017,South,Corporate,Smartphone,604.64,45.89
2025-02-23,ORD7431,CUST040,East,Home Office,Chair,1788.62,431.29
2025-02-23,ORD3826,CUST030,North,Corporate,Desk,1738.04,368.3
2025-02-23,ORD3194,CUST044,East,Home Office,Smartphone,1344.96,215.42
2025-02-23,ORD2916,CUST020,East,Consumer,Monitor,265.27,34.93
2025-02-24,ORD7364,CUST033,East,Home Office,Tablet,808.11,82.39
2025-02-24,ORD7286,CUST037,West,Home Office,Tablet,1474.5,219.96
2025-02-24,ORD9804,CUST041,West,Consumer,Accessories,253.99,23.88
2025-02-24,ORD5732,CUST032,South,Home Office,Tablet,1398.19,91.2
2025-02-24,ORD1878,CUST029,South,Consumer,Desk,1717.29,255.93
2025-02-24,ORD4196,CUST009,East,Consumer,Accessories,1013.11,170.69
2025-02-24,ORD9056,CUST027,West,Home Office,Accessories,1666.89,199.3
2025-02-25,ORD1505,CUST006,West,Corporate,Tablet,1388.23,226.48
2025-02-25,ORD4683,CUST018,South,Corporate,Laptop,607.35,137.09
2025-02-25,ORD9115,CUST037,East,Consumer,Accessories,1615.11,293.45
2025-02-25,ORD9898,CUST018,North,Home Office,Smartphone,1716.11,383.48
2025-02-25,ORD8231,CUST049,East,Home Office,Laptop,1445.89,314.34
2025-02-25,ORD5055,CUST048,South,Corporate,Smartphone,1425.2,265.13
2025-02-25,ORD6711,CUST017,East,Consumer,Accessories,1275.36,255.76
2025-02-25,ORD4882,CUST050,North,Corporate,Smartphone,401.35,90.77
2025-02-25,ORD8015,CUST046,South,Home Office,Desk,1756.5,98.1
2025-02-25,ORD4390,CUST014,South,Home Office,Tablet,1669.05,126.47
2025-02-25,ORD5605,CUST035,North,Home Office,Desk,736.73,146.39
2025-02-26,ORD5380,CUST019,South,Corporate,Printer,405.44,86.6
2025-02-26,ORD5543,CUST004,North,Consumer,Chair,1681.05,254.67
2025-02-26,ORD3396,CUST016,South,Home Office,Tablet,112.13,12.04
2025-02-26,ORD3329,CUST032,East,Consumer,Chair,1272.16,313.25
2025-02-26,ORD8405,CUST025,East,Home Office,Chair,1300.45,132.59
2025-02-26,ORD9447,CUST026,North,Home Office,Smartphone,1304.61,206.12
2025-02-26,ORD8996,CUST030,East,Home Office,Desk,1581.71,112.93
2025-02-26,ORD2526,CUST050,East,Home Office,Laptop,1545.95,244.65
2025-02-26,ORD9756,CUST005,West,Home Office,Desk,1929.68,228.42
2025-02-26,ORD9105,CUST014,West,Consumer,Chair,1301.98,307.8
2025-02-26,ORD9967,CUST022,East,Corporate,Printer,294.77,69.99
2025-02-26,ORD1793,CUST022,South,Home Office,Accessories,1406.98,89.44
2025-02-26,ORD3035,CUST002,North,Consumer,Accessories,671.83,128.75
2025-02-26,ORD8009,CUST001,South,Corporate,Accessories,227.97,37.94
2025-02-27,ORD5489,CUST011,South,Home Office,Printer,757.18,131.89
2025-02-27,ORD2350,CUST017,North,Home Office,Desk,186.91,41.93
2025-02-27,ORD7493,CUST004,East,Home Office,Tablet,1949.63,475.27
2025-02-27,ORD2494,CUST028,East,Home Office,Monitor,1524.34,115.88
2025-02-27,ORD2276,CUST031,North,Consumer,Monitor,1540.7,84.61
2025-02-27,ORD8291,CUST034,South,Home Office,Monitor,142.03,16.29
2025-02-27,ORD7919,CUST008,North,Consumer,Desk,1028.42,209.88
2025-02-27,ORD7276,CUST015,South,Corporate,Smartphone,1398.26,194.61
2025-02-28,ORD5902,CUST024,North,Consumer,Desk,619.89,154.62
2025-02-28,ORD3340,CUST042,South,Corporate,Tablet,909.74,127.62
2025-02-28,ORD3688,CUST040,North,Home Office,Laptop,410.89,85.86
2025-02-28,ORD3480,CUST041,West,Corporate,Monitor,1418.0,133.51
2025-02-28,ORD2420,CUST014,West,Home Office,Accessories,256.52,47.74
2025-02-28,ORD7291,CUST038,North,Consumer,Smartphone,1343.57,140.61
2025-03-01,ORD5537,CUST016,West,Corporate,Tablet,1906.64,152.93
2025-03-01,ORD1439,CUST050,North,Consumer,Printer,921.44,219.97
2025-03-01,ORD7418,CUST048,East,Consumer,Monitor,897.48,159.49
2025-03-01,ORD9108,CUST016,East,Home Office,Laptop,855.43,89.69
2025-03-01,ORD2163,CUST032,West,Consumer,Monitor,1969.56,259.72
2025-03-01,ORD7337,CUST009,North,Corporate,Desk,1798.79,172.67
2025-03-01,ORD8717,CUST049,West,Corporate,Tablet,504.9,28.39
2025-03-01,ORD5295,CUST001,North,Consumer,Smartphone,1338.17,165.54
2025-03-01,ORD9300,CUST026,South,Consumer,Laptop,1742.28,252.01
2025-03-01,ORD7590,CUST028,East,Home Office,Chair,1939.57,168.95
2025-03-02,ORD2294,CUST020,South,Corporate,Smartphone,1750.38,359.39
2025-03-02,ORD2083,CUST026,South,Consumer,Desk,1564.75,342.61
2025-03-02,ORD4909,CUST047,East,Home Office,Chair,1545.95,270.92
2025-03-02,ORD2900,CUST028,North,Consumer,Smartphone,349.37,19.74
2025-03-02,ORD3877,CUST020,West,Home Office,Laptop,1849.61,320.59
2025-03-02,ORD1185,CUST045,North,Consumer,Tablet,1613.42,236.05
2025-03-03,ORD7092,CUST011,West,Corporate,Printer,322.89,24.23
2025-03-03,ORD2934,CUST047,South,Home Office,Printer,1402.57,190.84
2025-03-03,ORD9582,CUST018,North,Corporate,Chair,481.0,71.34
2025-03-03,ORD8457,CUST032,North,Corporate,Smartphone,222.0,36.94
2025-03-03,ORD3734,CUST037,East,Consumer,Accessories,611.09,128.03
2025-03-03,ORD2685,CUST050,East,Consumer,Printer,689.69,97.28
2025-03-03,ORD1201,CUST003,North,Consumer,Laptop,122.08,7.87
2025-03-04,ORD3458,CUST025,North,Corporate,Desk,845.74,123.47
2025-03-04,ORD6272,CUST015,South,Consumer,Chair,1240.04,134.34
2025-03-04,ORD2276,CUST018,South,Corporate,Desk,1420.47,315.38
2025-03-04,ORD4656,CUST012,East,Consumer,Laptop,1581.72,91.62
2025-03-04,ORD5625,CUST030,North,Corporate,Smartphone,1012.96,71.91
2025-03-04,ORD8483,CUST036,East,Corporate,Smartphone,559.89,138.48
2025-03-04,ORD5979,CUST019,North,Corporate,Monitor,370.74,55.53
2025-03-04,ORD9083,CUST038,South,Corporate,Desk,1274.5,242.78
2025-03-05,ORD1391,CUST027,South,Consumer,Laptop,1163.33,60.44
2025-03-05,ORD1157,CUST041,South,Home Office,Desk,720.28,110.59
2025-03-05,ORD6038,CUST048,East,Consumer,Chair,266.95,32.07
2025-03-05,ORD9061,CUST027,North,Consumer,Monitor,163.09,10.72
2025-03-05,ORD1719,CUST006,North,Consumer,Printer,854.15,65.38
2025-03-05,ORD7102,CUST045,South,Home Office,Chair,1178.33,221.4
2025-03-05,ORD2565,CUST038,West,Home Office,Smartphone,1621.11,145.95
2025-03-05,ORD2020,CUST005,South,Home Office,Chair,418.22,29.66
2025-03-06,ORD6161,CUST017,South,Consumer,Printer,1309.22,250.45
2025-03-06,ORD8417,CUST021,West,Home Office,Desk,160.01,37.96
2025-03-06,ORD3230,CUST013,East,Consumer,Smartphone,198.75,31.45
2025-03-06,ORD8365,CUST011,North,Consumer,Smartphone,1447.21,324.46
2025-03-06,ORD9780,CUST008,West,Corporate,Chair,1456.77,306.43
2025-03-06,ORD8591,CUST020,East,Consumer,Accessories,744.96,158.65
2025-03-06,ORD5984,CUST011,East,Consumer,Smartphone,252.22,57.75
2025-03-06,ORD2494,CUST010,North,Consumer,Desk,1140.43,243.44
2025-03-06,ORD1802,CUST033,South,Corporate,Chair,959.4,171.46
2025-03-06,ORD7625,CUST002,East,Corporate,Tablet,1100.17,215.98
2025-03-06,ORD8570,CUST007,West,Home Office,Monitor,255.1,15.83
2025-03-07,ORD4641,CUST004,South,Consumer,Laptop,569.5,46.65
2025-03-07,ORD2376,CUST024,South,Consumer,Chair,1756.39,164.82
2025-03-07,ORD4239,CUST005,East,Consumer,Laptop,1954.14,229.38
2025-03-07,ORD3007,CUST022,West,Consumer,Smartphone,446.02,92.75
2025-03-07,ORD8096,CUST011,North,Corporate,Laptop,1351.54,202.24
2025-03-07,ORD7990,CUST025,West,Corporate,Laptop,1155.19,223.92
2025-03-08,ORD5585,CUST018,East,Consumer,Tablet,534.06,133.12
2025-03-08,ORD5026,CUST040,West,Consumer,Laptop,1952.11,351.51
2025-03-08,ORD8848,CUST036,East,Corporate,Chair,479.13,89.14
2025-03-08,ORD3248,CUST025,North,Consumer,Printer,237.18,13.31
2025-03-08,ORD9907,CUST041,West,Consumer,Monitor,589.6,84.03
2025-03-08,ORD9921,CUST031,North,Corporate,Desk,1749.72,341.95
2025-03-08,ORD5430,CUST025,West,Corporate,Desk,1511.14,204.15
2025-03-09,ORD5602,CUST002,North,Corporate,Monitor,757.28,94.06
2025-03-09,ORD4813,CUST050,North,Corporate,Desk,1976.53,114.68
2025-03-09,ORD4951,CUST043,South,Consumer,Monitor,1747.36,289.6
2025-03-09,ORD4594,CUST049,East,Home Office,Laptop,933.37,182.06
2025-03-09,ORD4875,CUST012,West,Corporate,Tablet,1024.67,230.23
2025-03-09,ORD1462,CUST038,East,Home Office,Desk,1811.33,243.34
2025-03-09,ORD4084,CUST037,East,Home Office,Tablet,625.97,105.46
2025-03-10,ORD2478,CUST003,East,Consumer,Accessories,1833.49,168.92
2025-03-10,ORD9625,CUST002,North,Consumer,Monitor,1283.64,226.32
2025-03-10,ORD4300,CUST040,West,Consumer,Desk,1492.91,113.93
2025-03-10,ORD1975,CUST021,South,Corporate,Tablet,1460.07,338.45
2025-03-10,ORD2817,CUST050,North,Consumer,Tablet,441.4,43.04
2025-03-10,ORD7481,CUST046,East,Consumer,Desk,1945.65,167.71
2025-03-10,ORD3235,CUST021,North,Corporate,Printer,1723.33,255.84
2025-03-10,ORD8982,CUST041,South,Home Office,Chair,569.74,127.71
2025-03-10,ORD3872,CUST015,East,Consumer,Desk,946.08,144.72
2025-03-10,ORD3911,CUST009,West,Corporate,Printer,782.54,131.93
2025-03-10,ORD1530,CUST050,North,Home Office,Chair,410.7,52.66
2025-03-10,ORD4619,CUST040,South,Home Office,Desk,1941.88,197.35
2025-03-11,ORD2274,CUST022,North,Corporate,Tablet,1347.8,155.05
2025-03-11,ORD2453,CUST011,South,Corporate,Desk,1569.6,119.56
2025-03-11,ORD4435,CUST017,East,Corporate,Laptop,1942.66,273.44
2025-03-11,ORD5205,CUST023,South,Home Office,Smartphone,548.5,35.49
2025-03-11,ORD7323,CUST004,North,Home Office,Laptop,422.54,65.05
2025-03-11,ORD7783,CUST011,West,Home Office,Chair,740.31,159.74
2025-03-11,ORD7149,CUST035,West,Corporate,Desk,918.69,91.63
2025-03-11,ORD8393,CUST011,North,Corporate,Monitor,1272.58,243.52
2025-03-11,ORD6221,CUST002,North,Consumer,Printer,417.38,34.86
2025-03-11,ORD3787,CUST022,East,Consumer,Smartphone,169.68,33.47
2025-03-11,ORD2525,CUST036,West,Consumer,Smartphone,1361.23,197.28
2025-03-11,ORD1507,CUST046,East,Home Office,Accessories,1703.92,359.76
2025-03-11,ORD8113,CUST039,West,Home Office,Tablet,1212.17,271.11
2025-03-11,ORD4367,CUST022,South,Consumer,Smartphone,491.1,35.55
2025-03-11,ORD5612,CUST043,South,Corporate,Printer,612.52,37.62
2025-03-12,ORD9043,CUST026,South,Consumer,Laptop,1109.22,263.24
2025-03-12,ORD8005,CUST001,South,Consumer,Desk,174.75,13.01
2025-03-12,ORD2589,CUST013,North,Corporate,Accessories,959.18,227.11
2025-03-12,ORD5781,CUST041,North,Consumer,Tablet,700.7,106.12
2025-03-12,ORD7512,CUST020,North,Corporate,Smartphone,178.99,14.26
2025-03-12,ORD9914,CUST006,West,Corporate,Printer,1974.6,479.87
2025-03-12,ORD7052,CUST025,West,Consumer,Desk,109.39,26.29
2025-03-12,ORD8204,CUST017,South,Corporate,Laptop,1314.33,293.86
2025-03-12,ORD2009,CUST018,West,Corporate,Monitor,964.01,147.61
2025-03-13,ORD7782,CUST035,North,Consumer,Desk,1028.81,188.66
2025-03-13,ORD9561,CUST025,South,Home Office,Laptop,365.34,20.46
2025-03-13,ORD4860,CUST037,West,Home Office,Accessories,685.07,130.8
2025-03-13,ORD1568,CUST026,West,Corporate,Smartphone,483.52,89.3
2025-03-13,ORD3738,CUST012,South,Consumer,Accessories,1942.83,133.63
2025-03-13,ORD7936,CUST003,South,Consumer,Tablet,1377.94,191.19
2025-03-13,ORD3422,CUST013,North,Home Office,Chair,1749.47,149.46
2025-03-14,ORD7358,CUST006,East,Corporate,Smartphone,1415.99,308.15
2025-03-14,ORD9514,CUST018,West,Home Office,Desk,1894.77,353.66
2025-03-14,ORD7790,CUST008,West,Consumer,Chair,1044.63,181.32
2025-03-14,ORD2654,CUST007,South,Consumer,Smartphone,1750.92,287.36
2025-03-14,ORD5327,CUST027,East,Home Office,Desk,157.74,37.26
2025-03-14,ORD8750,CUST037,West,Home Office,Accessories,1410.1,261.3
2025-03-14,ORD3356,CUST026,North,Consumer,Printer,509.78,92.67
2025-03-14,ORD4892,CUST022,West,Consumer,Chair,848.34,152.91
2025-03-14,ORD7102,CUST018,North,Home Office,Accessories,302.53,54.93
2025-03-14,ORD5593,CUST020,North,Corporate,Printer,1998.89,119.22
2025-03-14,ORD3201,CUST015,West,Home Office,Smartphone,1956.63,257.07
2025-03-14,ORD6257,CUST050,East,Home Office,Accessories,1754.43,362.25
2025-03-14,ORD2462,CUST039,East,Home Office,Chair,1177.33,232.75
2025-03-14,ORD8937,CUST027,South,Corporate,Monitor,1769.18,231.46
2025-03-15,ORD6097,CUST005,East,Consumer,Tablet,721.36,132.38
2025-03-15,ORD4158,CUST012,West,Consumer,Laptop,1634.91,331.0
2025-03-15,ORD8478,CUST003,South,Consumer,Monitor,1615.85,221.56
2025-03-15,ORD7035,CUST018,North,Corporate,Monitor,1653.89,122.46
2025-03-15,ORD3029,CUST041,West,Home Office,Chair,1134.53,58.03
2025-03-15,ORD8308,CUST032,North,Consumer,Desk,716.71,88.36
2025-03-15,ORD3679,CUST023,South,Corporate,Desk,852.73,161.25
2025-03-15,ORD1449,CUST019,East,Home Office,Smartphone,838.26,117.14
2025-03-15,ORD4511,CUST037,West,Consumer,Tablet,551.33,68.72
2025-03-15,ORD4387,CUST044,South,Home Office,Monitor,531.81,34.38
2025-03-15,ORD1328,CUST033,East,Home Office,Chair,1246.55,228.92
2025-03-15,ORD3837,CUST042,North,Corporate,Tablet,1277.03,182.23
2025-03-15,ORD6004,CUST039,North,Consumer,Printer,821.59,182.94
2025-03-16,ORD8520,CUST023,East,Corporate,Chair,1086.26,158.42
2025-03-16,ORD9530,CUST020,East,Consumer,Accessories,148.72,17.59
2025-03-16,ORD9380,CUST001,West,Home Office,Smartphone,822.37,106.71
2025-03-16,ORD2771,CUST020,East,Home Office,Printer,1202.33,188.43
2025-03-16,ORD6327,CUST018,West,Consumer,Desk,1255.02,254.74
2025-03-16,ORD3456,CUST013,East,Corporate,Printer,1644.67,318.45
2025-03-16,ORD6236,CUST043,South,Consumer,Chair,1915.5,102.76
2025-03-16,ORD9148,CUST042,South,Home Office,Laptop,471.98,24.31
2025-03-16,ORD7361,CUST026,East,Corporate,Chair,1330.2,305.42
2025-03-16,ORD4643,CUST022,North,Home Office,Monitor,562.62,132.44
2025-03-16,ORD5918,CUST033,West,Home Office,Desk,214.51,50.81
2025-03-16,ORD2599,CUST019,South,Home Office,Tablet,768.08,53.98
2025-03-16,ORD3999,CUST047,West,Consumer,Printer,1023.16,103.7
2025-03-16,ORD6820,CUST015,East,Home Office,Smartphone,641.26,71.47
2025-03-16,ORD6428,CUST027,South,Home Office,Printer,1625.75,256.6
2025-03-17,ORD2929,CUST030,East,Home Office,Printer,691.48,118.98
2025-03-17,ORD4187,CUST031,West,Consumer,Smartphone,1460.69,152.68
2025-03-17,ORD5888,CUST034,North,Home Office,Chair,885.74,65.88
2025-03-17,ORD4281,CUST009,West,Consumer,Tablet,444.18,82.72
2025-03-17,ORD6183,CUST010,East,Corporate,Accessories,444.73,68.95
2025-03-17,ORD3897,CUST022,South,Consumer,Accessories,1447.19,103.29
2025-03-17,ORD8406,CUST001,East,Home Office,Laptop,1177.89,119.34
2025-03-17,ORD3595,CUST037,East,Consumer,Tablet,1929.56,283.08
2025-03-17,ORD8105,CUST040,West,Consumer,Tablet,1631.39,261.1
2025-03-17,ORD7280,CUST031,West,Corporate,Chair,182.48,32.23
2025-03-18,ORD7112,CUST047,North,Home Office,Monitor,1907.67,324.92
2025-03-18,ORD1067,CUST002,North,Corporate,Monitor,1656.46,375.75
2025-03-18,ORD3112,CUST020,South,Consumer,Desk,533.35,49.29
2025-03-18,ORD2069,CUST011,North,Corporate,Printer,1260.86,166.69
2025-03-18,ORD9524,CUST030,North,Corporate,Printer,1695.74,390.03
2025-03-19,ORD9031,CUST022,East,Corporate,Tablet,771.5,75.12
2025-03-19,ORD1313,CUST026,East,Consumer,Tablet,1583.0,166.15
2025-03-19,ORD1359,CUST014,South,Consumer,Tablet,1662.97,224.08
2025-03-19,ORD1612,CUST046,South,Consumer,Desk,1368.34,94.56
2025-03-19,ORD9761,CUST050,West,Home Office,Printer,1285.33,180.4
2025-03-19,ORD2771,CUST043,North,Home Office,Laptop,1214.56,101.54
2025-03-19,ORD8279,CUST027,North,Consumer,Smartphone,1500.06,333.85
2025-03-19,ORD3508,CUST031,West,Consumer,Printer,511.81,35.39
2025-03-19,ORD7895,CUST020,South,Home Office,Laptop,144.91,25.85
2025-03-19,ORD3247,CUST040,North,Home Office,Printer,1253.48,199.73
2025-03-19,ORD2867,CUST019,West,Consumer,Smartphone,540.7,69.31
2025-03-19,ORD4272,CUST039,North,Corporate,Monitor,1229.51,183.63
2025-03-19,ORD7713,CUST023,East,Home Office,Monitor,1976.79,152.78
2025-03-19,ORD9132,CUST036,East,Consumer,Laptop,1420.77,185.93
2025-03-20,ORD1208,CUST001,West,Corporate,Monitor,913.58,176.8
2025-03-20,ORD2475,CUST010,North,Consumer,Accessories,1415.63,351.43
2025-03-20,ORD4787,CUST017,North,Home Office,Smartphone,343.95,24.36
2025-03-20,ORD1820,CUST030,West,Corporate,Printer,1476.24,244.58
2025-03-20,ORD6901,CUST019,North,Consumer,Laptop,620.91,40.91
2025-03-20,ORD1751,CUST007,East,Corporate,Smartphone,262.75,60.13
2025-03-20,ORD6857,CUST022,North,Consumer,Tablet,464.55,53.27
2025-03-20,ORD2522,CUST047,West,Home Office,Printer,530.65,64.21
2025-03-21,ORD7557,CUST026,East,Consumer,Smartphone,231.91,35.67
2025-03-21,ORD8835,CUST045,West,Corporate,Chair,228.46,47.99
2025-03-21,ORD3171,CUST008,West,Home Office,Tablet,544.05,85.96
2025-03-21,ORD8908,CUST027,North,Consumer,Smartphone,1772.15,319.3
2025-03-21,ORD6875,CUST050,West,Consumer,Chair,1112.62,127.8
2025-03-21,ORD8997,CUST031,North,Home Office,Tablet,732.7,134.74
2025-03-21,ORD2037,CUST003,North,Corporate,Accessories,1988.86,362.7
2025-03-21,ORD9598,CUST001,East,Home Office,Desk,1159.79,227.47
2025-03-21,ORD9570,CUST034,South,Home Office,Desk,983.89,61.03
2025-03-21,ORD6664,CUST031,North,Corporate,Monitor,1168.36,282.19
2025-03-22,ORD3571,CUST001,West,Consumer,Laptop,433.08,81.42
2025-03-22,ORD9055,CUST005,West,Corporate,Tablet,481.77,75.72
2025-03-22,ORD1824,CUST018,East,Consumer,Desk,283.69,39.74
2025-03-22,ORD4850,CUST026,South,Home Office,Chair,1536.71,183.66
2025-03-22,ORD8341,CUST037,North,Corporate,Accessories,1363.33,285.06
2025-03-22,ORD2944,CUST021,North,Corporate,Accessories,1861.64,180.45
2025-03-22,ORD7609,CUST007,West,Home Office,Laptop,858.7,69.11
2025-03-22,ORD5990,CUST006,West,Consumer,Laptop,1985.72,467.44
2025-03-22,ORD6953,CUST022,South,Home Office,Accessories,1125.92,245.91
2025-03-22,ORD8751,CUST022,North,Consumer,Accessories,1089.82,190.41
2025-03-22,ORD2596,CUST008,East,Home Office,Accessories,269.34,54.15
2025-03-22,ORD5783,CUST023,South,Consumer,Desk,342.66,73.75
2025-03-22,ORD3689,CUST003,East,Home Office,Smartphone,1585.85,304.09
2025-03-22,ORD5166,CUST007,West,Consumer,Chair,168.7,18.66
2025-03-22,ORD4532,CUST026,South,Consumer,Smartphone,599.91,73.21
2025-03-23,ORD7790,CUST007,South,Home Office,Desk,266.52,63.27
2025-03-23,ORD8381,CUST050,North,Home Office,Smartphone,1152.22,128.02
2025-03-23,ORD1071,CUST032,West,Home Office,Tablet,854.26,119.12
2025-03-23,ORD8912,CUST038,North,Home Office,Chair,1241.13,190.06
2025-03-23,ORD3103,CUST047,South,Home Office,Tablet,1846.84,275.9
2025-03-23,ORD7302,CUST033,North,Corporate,Desk,1985.1,437.29
2025-03-23,ORD7518,CUST018,West,Home Office,Monitor,496.17,117.16
2025-03-23,ORD3263,CUST009,East,Corporate,Accessories,321.1,68.55
2025-03-23,ORD9975,CUST045,West,Home Office,Printer,823.18,185.71
2025-03-23,ORD4435,CUST013,East,Home Office,Monitor,1749.31,369.43
2025-03-23,ORD3173,CUST044,East,Home Office,Desk,1601.06,177.61
2025-03-23,ORD2890,CUST046,South,Home Office,Desk,253.75,33.14
2025-03-24,ORD9747,CUST044,West,Home Office,Chair,429.7,81.21
2025-03-24,ORD2744,CUST034,East,Corporate,Laptop,757.59,185.7
2025-03-24,ORD1927,CUST004,North,Corporate,Tablet,1317.85,282.67
2025-03-24,ORD5105,CUST019,South,Corporate,Tablet,351.8,78.24
2025-03-24,ORD9866,CUST014,South,Consumer,Printer,1853.24,273.19
2025-03-24,ORD4675,CUST007,North,Corporate,Accessories,1251.88,254.08
2025-03-24,ORD1769,CUST045,West,Consumer,Printer,432.19,65.05
2025-03-24,ORD6122,CUST044,West,Corporate,Chair,857.46,67.97
2025-03-24,ORD8259,CUST013,North,Consumer,Printer,798.32,50.8
2025-03-24,ORD9955,CUST049,South,Home Office,Desk,149.04,11.48
2025-03-25,ORD8353,CUST019,South,Home Office,Monitor,1929.92,308.61
2025-03-25,ORD3847,CUST012,South,Home Office,Smartphone,1935.06,264.13
2025-03-25,ORD5572,CUST028,North,Corporate,Laptop,692.45,104.72
2025-03-25,ORD5178,CUST038,East,Consumer,Tablet,935.07,66.51
2025-03-25,ORD3536,CUST046,North,Corporate,Accessories,1317.57,122.81
2025-03-25,ORD1833,CUST039,North,Consumer,Desk,1277.22,229.95
2025-03-25,ORD6207,CUST005,East,Corporate,Desk,388.85,24.21
2025-03-25,ORD3611,CUST033,South,Consumer,Smartphone,1583.45,224.79
2025-03-25,ORD6724,CUST006,West,Home Office,Chair,210.51,52.41
2025-03-25,ORD6911,CUST022,South,Consumer,Desk,209.78,39.65
2025-03-25,ORD1144,CUST036,East,Consumer,Accessories,1968.99,192.64
2025-03-25,ORD4937,CUST029,North,Home Office,Desk,370.27,27.5
2025-03-25,ORD2857,CUST025,South,Consumer,Desk,676.22,47.48
2025-03-25,ORD9468,CUST002,West,Corporate,Printer,1415.11,88.39
2025-03-26,ORD4154,CUST019,West,Corporate,Laptop,1067.9,266.27
2025-03-26,ORD3742,CUST007,East,Home Office,Smartphone,1646.54,284.92
2025-03-26,ORD4492,CUST014,North,Home Office,Smartphone,681.88,119.18
2025-03-26,ORD8130,CUST035,West,Consumer,Monitor,1101.38,148.92
2025-03-26,ORD8523,CUST002,North,Home Office,Tablet,348.35,79.19
2025-03-26,ORD1889,CUST005,East,Consumer,Smartphone,954.59,84.89
2025-03-26,ORD4729,CUST037,South,Corporate,Smartphone,798.74,106.09
2025-03-26,ORD7626,CUST029,East,Corporate,Chair,1672.32,328.98
2025-03-26,ORD2938,CUST025,West,Corporate,Laptop,1561.68,81.53
2025-03-26,ORD1745,CUST049,North,Home Office,Smartphone,890.69,130.28
2025-03-27,ORD5937,CUST019,East,Home Office,Smartphone,136.47,13.91
2025-03-27,ORD7473,CUST025,North,Corporate,Accessories,1544.55,119.58
2025-03-27,ORD4602,CUST035,North,Corporate,Tablet,1117.09,103.93
2025-03-27,ORD5832,CUST035,South,Home Office,Chair,123.03,12.09
2025-03-27,ORD3316,CUST001,South,Corporate,Desk,1954.16,410.97
2025-03-27,ORD7456,CUST037,North,Consumer,Laptop,1923.2,283.81
2025-03-28,ORD6633,CUST048,North,Corporate,Monitor,308.5,49.23
2025-03-28,ORD4014,CUST011,South,Corporate,Tablet,963.32,210.84
2025-03-28,ORD2877,CUST013,South,Home Office,Printer,286.36,42.28
2025-03-28,ORD9992,CUST049,South,Home Office,Laptop,385.09,44.26
2025-03-28,ORD2103,CUST019,West,Home Office,Smartphone,1500.98,217.95
2025-03-28,ORD8982,CUST047,East,Consumer,Monitor,814.19,104.95
2025-03-28,ORD4842,CUST043,East,Corporate,Tablet,972.95,201.4
2025-03-28,ORD6206,CUST013,North,Corporate,Smartphone,1794.96,432.71
2025-03-28,ORD6008,CUST040,West,Corporate,Desk,1595.12,180.38
2025-03-28,ORD8017,CUST021,South,Home Office,Desk,1407.46,193.55
2025-03-28,ORD4629,CUST016,South,Consumer,Desk,583.87,127.39
2025-03-28,ORD6432,CUST009,West,Corporate,Desk,173.01,39.85
2025-03-28,ORD6004,CUST023,West,Corporate,Accessories,976.81,173.33
2025-03-29,ORD3293,CUST018,North,Consumer,Smartphone,1352.77,309.82
2025-03-29,ORD2235,CUST047,South,Corporate,Smartphone,1309.67,226.29
2025-03-29,ORD7637,CUST038,North,Home Office,Laptop,226.64,34.83
2025-03-29,ORD9842,CUST035,South,Consumer,Printer,385.32,76.1
2025-03-29,ORD7430,CUST024,West,Home Office,Tablet,1073.22,199.67
2025-03-29,ORD8613,CUST009,South,Home Office,Printer,179.18,12.0
2025-03-29,ORD1173,CUST033,North,Corporate,Desk,1461.01,94.11
2025-03-29,ORD9423,CUST049,South,Home Office,Tablet,235.39,12.34
2025-03-29,ORD3395,CUST012,South,Corporate,Tablet,1917.35,378.68
2025-03-29,ORD8989,CUST015,West,Corporate,Laptop,771.18,84.3
2025-03-29,ORD4834,CUST024,South,Consumer,Printer,764.44,156.66
2025-03-29,ORD6918,CUST034,North,Home Office,Monitor,1356.6,118.08
2025-03-30,ORD6309,CUST003,West,Corporate,Laptop,430.81,30.02
2025-03-30,ORD5314,CUST048,North,Home Office,Printer,1354.58,274.81
2025-03-30,ORD2275,CUST024,South,Corporate,Chair,603.59,32.71
2025-03-30,ORD7649,CUST034,East,Corporate,Monitor,256.13,62.39
2025-03-30,ORD1108,CUST031,East,Corporate,Accessories,661.35,134.81
2025-03-30,ORD2263,CUST015,South,Corporate,Tablet,1286.86,162.64
2025-03-30,ORD3578,CUST012,East,Consumer,Tablet,490.81,36.46
2025-03-30,ORD4773,CUST043,East,Home Office,Smartphone,1268.52,259.95
2025-03-30,ORD8844,CUST031,West,Corporate,Smartphone,1323.42,206.53
2025-03-30,ORD7732,CUST042,West,Consumer,Tablet,179.71,43.79
2025-03-30,ORD3639,CUST009,North,Consumer,Laptop,1617.56,175.61
2025-03-31,ORD3725,CUST004,North,Home Office,Tablet,1961.94,334.27
2025-03-31,ORD1305,CUST039,East,Consumer,Chair,1206.6,240.86
2025-03-31,ORD8723,CUST029,East,Consumer,Monitor,1642.36,297.75
2025-03-31,ORD3338,CUST027,West,Consumer,Monitor,343.38,40.4
2025-03-31,ORD6614,CUST011,South,Home Office,Printer,1863.36,176.88
2025-03-31,ORD7196,CUST015,West,Home Office,Smartphone,807.12,110.1
2025-03-31,ORD4315,CUST002,West,Consumer,Smartphone,934.87,161.35
2025-04-01,ORD8796,CUST012,West,Consumer,Smartphone,1891.84,185.66
2025-04-01,ORD8901,CUST006,North,Home Office,Smartphone,330.85,29.61
2025-04-01,ORD8069,CUST050,South,Home Office,Laptop,1785.16,319.83
2025-04-01,ORD9680,CUST045,West,Corporate,Laptop,643.22,137.13
2025-04-01,ORD7246,CUST050,West,Consumer,Accessories,1736.6,380.84
2025-04-01,ORD3193,CUST028,East,Home Office,Smartphone,1845.96,185.42
2025-04-01,ORD5641,CUST006,East,Corporate,Monitor,1534.58,218.08
2025-04-01,ORD1116,CUST001,West,Corporate,Monitor,1699.8,332.65
2025-04-01,ORD4365,CUST025,North,Home Office,Laptop,1575.25,285.49
2025-04-01,ORD3535,CUST007,East,Corporate,Desk,437.11,69.5
2025-04-01,ORD9783,CUST017,West,Home Office,Printer,1970.87,468.04
2025-04-01,ORD5514,CUST040,West,Home Office,Desk,182.03,15.1
2025-04-01,ORD8904,CUST036,West,Consumer,Chair,350.28,68.37
2025-04-02,ORD6024,CUST017,East,Home Office,Accessories,1653.79,153.31
2025-04-02,ORD3262,CUST048,East,Home Office,Chair,1061.12,231.47
2025-04-02,ORD3650,CUST029,North,Home Office,Monitor,1492.32,236.45
2025-04-02,ORD1852,CUST022,North,Consumer,Chair,1221.66,185.29
2025-04-02,ORD3381,CUST006,South,Corporate,Laptop,665.34,108.45
2025-04-02,ORD2049,CUST006,West,Home Office,Chair,1408.88,316.53
2025-04-02,ORD1618,CUST006,East,Consumer,Desk,1308.95,264.7
2025-04-03,ORD1941,CUST046,West,Home Office,Printer,404.14,57.51
2025-04-03,ORD1175,CUST029,South,Home Office,Accessories,117.73,11.69
2025-04-03,ORD1550,CUST013,South,Home Office,Printer,1480.28,367.65
2025-04-03,ORD1590,CUST044,South,Home Office,Tablet,288.44,37.58
2025-04-03,ORD2422,CUST011,East,Consumer,Laptop,1620.13,147.12
2025-04-03,ORD7474,CUST043,East,Corporate,Desk,1154.66,227.02
2025-04-03,ORD1251,CUST034,West,Home Office,Monitor,1270.37,111.29
2025-04-03,ORD6703,CUST047,North,Consumer,Printer,775.23,160.29
2025-04-03,ORD4187,CUST039,East,Corporate,Monitor,1153.03,58.86
2025-04-03,ORD3867,CUST017,West,Corporate,Laptop,1545.88,88.21
2025-04-03,ORD2185,CUST036,West,Home Office,Smartphone,1516.89,137.27
2025-04-04,ORD5222,CUST033,East,Corporate,Smartphone,1920.34,237.33
2025-04-04,ORD8923,CUST025,East,Home Office,Accessories,721.17,57.53
2025-04-04,ORD8548,CUST044,South,Corporate,Accessories,680.65,153.37
2025-04-04,ORD2106,CUST017,North,Corporate,Smartphone,1993.04,246.46
2025-04-04,ORD4767,CUST044,West,Home Office,Monitor,952.36,185.15
2025-04-04,ORD9776,CUST034,East,Corporate,Desk,1783.77,300.76
2025-04-04,ORD5706,CUST016,North,Home Office,Printer,843.9,111.84
2025-04-04,ORD3924,CUST005,North,Corporate,Desk,1421.67,72.0
2025-04-04,ORD5408,CUST014,West,Corporate,Desk,1277.22,154.67
2025-04-04,ORD4271,CUST032,South,Home Office,Monitor,1608.97,110.37
2025-04-04,ORD4387,CUST017,South,Home Office,Monitor,1217.58,178.0
2025-04-04,ORD6833,CUST040,South,Consumer,Monitor,1320.42,83.15
2025-04-04,ORD9071,CUST006,South,Consumer,Smartphone,1201.97,195.08
2025-04-05,ORD7081,CUST031,North,Home Office,Laptop,1165.25,198.91
2025-04-05,ORD3996,CUST032,East,Corporate,Printer,1385.29,292.29
2025-04-05,ORD3101,CUST049,East,Corporate,Monitor,612.66,131.73
2025-04-05,ORD9859,CUST031,North,Home Office,Chair,1046.69,68.47
2025-04-05,ORD3863,CUST026,North,Home Office,Desk,211.25,24.68
2025-04-05,ORD1137,CUST021,West,Consumer,Accessories,1591.3,304.79
2025-04-05,ORD2650,CUST025,North,Home Office,Monitor,1598.37,245.28
2025-04-05,ORD9987,CUST012,East,Corporate,Printer,936.38,74.43
2025-04-05,ORD6621,CUST031,East,Consumer,Printer,723.57,98.99
2025-04-05,ORD4449,CUST028,East,Consumer,Accessories,268.34,25.26
2025-04-05,ORD7563,CUST024,West,Home Office,Desk,1236.63,243.78
2025-04-05,ORD3148,CUST037,East,Corporate,Tablet,1996.86,472.5
2025-04-05,ORD8081,CUST016,South,Consumer,Printer,1320.87,177.33
2025-04-05,ORD3450,CUST048,West,Consumer,Tablet,1308.74,271.08
2025-04-06,ORD3203,CUST032,North,Consumer,Chair,324.84,42.87
2025-04-06,ORD1781,CUST017,East,Corporate,Printer,1695.62,214.95
2025-04-06,ORD4530,CUST004,West,Consumer,Tablet,1186.56,198.81
2025-04-06,ORD6483,CUST029,East,Corporate,Smartphone,450.5,55.16
2025-04-06,ORD5222,CUST036,East,Corporate,Desk,735.57,40.63
2025-04-06,ORD6752,CUST008,East,Consumer,Chair,145.96,31.58
2025-04-06,ORD5663,CUST050,South,Home Office,Tablet,618.83,95.06
2025-04-06,ORD8322,CUST050,East,Corporate,Accessories,667.58,158.97
2025-04-06,ORD3373,CUST030,North,Corporate,Printer,592.66,80.56
2025-04-06,ORD7631,CUST027,South,Home Office,Desk,1758.19,383.97
2025-04-06,ORD4739,CUST022,North,Consumer,Tablet,453.59,95.49
2025-04-06,ORD5382,CUST046,East,Corporate,Printer,970.56,142.28
2025-04-07,ORD6950,CUST050,West,Corporate,Accessories,353.61,23.38
2025-04-07,ORD1378,CUST012,West,Corporate,Tablet,1483.08,221.41
2025-04-07,ORD5122,CUST043,South,Home Office,Monitor,930.02,182.19
2025-04-07,ORD2687,CUST026,North,Consumer,Tablet,1554.47,127.13
2025-04-07,ORD1881,CUST036,North,Consumer,Accessories,1259.43,97.07
2025-04-07,ORD5300,CUST007,North,Corporate,Smartphone,1527.61,277.09
2025-04-07,ORD4757,CUST020,South,Consumer,Chair,1917.57,122.32
2025-04-07,ORD3071,CUST029,South,Home Office,Printer,208.4,22.18
2025-04-07,ORD1575,CUST002,South,Home Office,Tablet,597.24,59.36
2025-04-07,ORD9856,CUST030,East,Corporate,Accessories,1821.88,182.02
2025-04-07,ORD9835,CUST009,East,Home Office,Accessories,616.7,124.5
2025-04-07,ORD8126,CUST041,South,Home Office,Accessories,954.51,196.0
2025-04-07,ORD4721,CUST035,East,Corporate,Accessories,224.2,33.07
2025-04-07,ORD7753,CUST024,North,Corporate,Printer,163.87,10.25
2025-04-08,ORD9574,CUST001,South,Corporate,Laptop,1822.23,141.86
2025-04-08,ORD9767,CUST031,South,Corporate,Printer,1111.6,146.97
2025-04-08,ORD8816,CUST049,North,Home Office,Accessories,759.95,174.76
2025-04-08,ORD4788,CUST019,East,Consumer,Chair,141.46,25.85
2025-04-08,ORD7745,CUST013,North,Home Office,Desk,1930.45,312.8
2025-04-08,ORD7385,CUST011,West,Corporate,Monitor,1879.96,113.65
2025-04-08,ORD7917,CUST006,West,Consumer,Printer,895.71,91.39
2025-04-08,ORD9715,CUST019,South,Home Office,Printer,1488.56,366.57
2025-04-08,ORD3988,CUST005,East,Corporate,Monitor,587.41,106.22
2025-04-09,ORD8418,CUST040,East,Consumer,Accessories,476.39,77.68
2025-04-09,ORD6253,CUST013,East,Home Office,Accessories,981.47,239.87
2025-04-09,ORD1362,CUST035,North,Consumer,Laptop,1256.2,150.62
2025-04-09,ORD3048,CUST018,South,Consumer,Printer,316.78,25.42
2025-04-09,ORD2477,CUST015,West,Home Office,Laptop,528.1,52.91
2025-04-09,ORD6601,CUST014,South,Consumer,Accessories,1716.17,278.44
2025-04-09,ORD8597,CUST024,West,Corporate,Accessories,1094.44,79.84
2025-04-10,ORD5366,CUST004,East,Consumer,Tablet,1734.27,337.42
2025-04-10,ORD4148,CUST012,West,Consumer,Accessories,228.57,43.79
2025-04-10,ORD5078,CUST008,East,Corporate,Laptop,1132.72,75.15
2025-04-10,ORD1549,CUST048,West,Corporate,Monitor,970.77,142.64
2025-04-10,ORD4415,CUST034,South,Corporate,Smartphone,414.97,99.24
2025-04-11,ORD3598,CUST021,West,Home Office,Printer,1714.95,315.22
2025-04-11,ORD8884,CUST017,North,Home Office,Smartphone,978.36,129.49
2025-04-11,ORD4568,CUST004,East,Consumer,Desk,1336.85,212.67
2025-04-11,ORD1246,CUST021,North,Consumer,Chair,218.32,33.29
2025-04-11,ORD4982,CUST026,South,Corporate,Smartphone,1632.17,231.52
2025-04-11,ORD3539,CUST045,North,Consumer,Accessories,198.72,41.19
2025-04-11,ORD9190,CUST011,East,Consumer,Monitor,482.59,49.09
2025-04-11,ORD1983,CUST049,North,Home Office,Desk,412.94,47.92
2025-04-11,ORD9787,CUST045,North,Corporate,Tablet,1537.83,236.64
2025-04-11,ORD6189,CUST015,North,Consumer,Accessories,489.27,110.36
2025-04-11,ORD7189,CUST002,East,Corporate,Monitor,1771.21,396.96
2025-04-11,ORD1646,CUST017,East,Home Office,Tablet,553.71,77.66
2025-04-12,ORD9029,CUST035,West,Home Office,Printer,1971.48,402.98
2025-04-12,ORD6696,CUST035,South,Home Office,Tablet,151.62,9.56
2025-04-12,ORD3627,CUST018,East,Home Office,Accessories,981.47,227.55
2025-04-12,ORD5844,CUST029,North,Home Office,Tablet,1123.53,168.04
2025-04-12,ORD1011,CUST030,East,Home Office,Desk,300.4,54.48
2025-04-12,ORD6965,CUST002,West,Home Office,Tablet,1662.0,209.55
2025-04-12,ORD9830,CUST043,South,Corporate,Smartphone,1573.66,382.23
2025-04-12,ORD3525,CUST050,West,Consumer,Accessories,487.16,75.35
2025-04-12,ORD6276,CUST042,East,Corporate,Chair,645.56,134.65
2025-04-12,ORD3126,CUST003,North,Consumer,Smartphone,1197.43,211.85
2025-04-12,ORD8952,CUST007,South,Consumer,Monitor,1616.04,208.78
2025-04-12,ORD7366,CUST037,South,Consumer,Laptop,1838.67,287.95
2025-04-13,ORD7002,CUST004,West,Home Office,Printer,400.11,75.69
2025-04-13,ORD4419,CUST001,South,Home Office,Smartphone,1607.2,182.18
2025-04-13,ORD1994,CUST041,West,Consumer,Accessories,1728.64,399.71
2025-04-13,ORD1955,CUST024,East,Home Office,Chair,626.12,154.47
2025-04-13,ORD2153,CUST047,East,Home Office,Laptop,367.35,33.21
2025-04-13,ORD2591,CUST034,East,Consumer,Monitor,450.03,102.97
2025-04-13,ORD7313,CUST035,North,Home Office,Monitor,1343.16,108.02
2025-04-13,ORD3931,CUST037,South,Consumer,Monitor,936.61,162.09
2025-04-13,ORD6864,CUST050,West,Home Office,Smartphone,258.58,58.56
2025-04-13,ORD3733,CUST007,West,Home Office,Chair,1626.85,245.72
2025-04-13,ORD6529,CUST033,South,Home Office,Chair,1937.54,258.76
2025-04-13,ORD6163,CUST023,South,Home Office,Accessories,1969.81,361.63
2025-04-13,ORD8054,CUST049,East,Corporate,Chair,1305.88,108.64
2025-04-13,ORD9939,CUST037,East,Home Office,Monitor,1775.66,240.6
2025-04-13,ORD8412,CUST024,South,Corporate,Printer,408.24,21.44
2025-04-14,ORD1267,CUST019,West,Consumer,Laptop,1163.54,180.91
2025-04-14,ORD4635,CUST020,South,Corporate,Laptop,1466.77,334.5
2025-04-14,ORD5521,CUST050,South,Corporate,Laptop,250.87,49.25
2025-04-14,ORD6827,CUST030,South,Consumer,Laptop,456.08,101.08
2025-04-14,ORD5093,CUST024,South,Consumer,Printer,1656.22,261.95
2025-04-14,ORD7550,CUST006,South,Corporate,Printer,1449.46,163.6
2025-04-14,ORD6319,CUST047,South,Home Office,Smartphone,995.22,213.3
2025-04-14,ORD2562,CUST045,West,Consumer,Accessories,972.6,118.23
2025-04-14,ORD1916,CUST006,East,Consumer,Chair,1039.0,224.06
2025-04-14,ORD2974,CUST027,East,Corporate,Chair,736.9,62.45
2025-04-14,ORD7266,CUST041,South,Home Office,Laptop,1452.83,312.64
2025-04-14,ORD9846,CUST021,North,Corporate,Laptop,291.21,28.53
2025-04-15,ORD1827,CUST010,South,Corporate,Monitor,369.75,44.22
2025-04-15,ORD8076,CUST015,West,Corporate,Smartphone,955.67,190.91
2025-04-15,ORD6507,CUST009,East,Corporate,Tablet,1337.18,232.92
2025-04-15,ORD7540,CUST036,North,Corporate,Laptop,769.51,167.98
2025-04-15,ORD8118,CUST033,East,Consumer,Chair,995.45,244.7
2025-04-15,ORD4245,CUST036,South,Consumer,Accessories,1304.87,98.2
2025-04-15,ORD9589,CUST036,West,Corporate,Monitor,1384.74,159.27
2025-04-15,ORD8046,CUST018,South,Consumer,Smartphone,1404.02,89.76
2025-04-15,ORD7776,CUST008,East,Home Office,Smartphone,432.27,95.6
2025-04-15,ORD6254,CUST013,West,Corporate,Desk,531.64,115.58
2025-04-15,ORD5994,CUST050,East,Home Office,Laptop,630.62,112.61
2025-04-15,ORD3389,CUST040,South,Corporate,Accessories,1418.89,216.42
2025-04-15,ORD7124,CUST013,West,Consumer,Monitor,680.09,62.93
2025-04-15,ORD1893,CUST008,South,Home Office,Smartphone,163.06,18.07
2025-04-16,ORD2823,CUST022,South,Corporate,Laptop,1341.01,318.71
2025-04-16,ORD6437,CUST002,East,Corporate,Accessories,1755.29,356.7
2025-04-16,ORD9952,CUST014,South,Home Office,Monitor,1598.05,292.44
2025-04-16,ORD3315,CUST040,East,Home Office,Accessories,594.55,137.6
2025-04-16,ORD3790,CUST017,North,Corporate,Laptop,1374.39,222.77
2025-04-16,ORD5444,CUST045,North,Corporate,Monitor,310.88,43.34
2025-04-16,ORD7367,CUST005,North,Corporate,Laptop,974.68,217.27
2025-04-16,ORD1312,CUST007,East,Home Office,Desk,1138.63,143.56
2025-04-17,ORD2631,CUST033,West,Consumer,Chair,1955.92,141.11
2025-04-17,ORD4258,CUST012,East,Corporate,Smartphone,902.84,52.73
2025-04-17,ORD5053,CUST003,West,Home Office,Laptop,1505.82,351.78
2025-04-17,ORD3572,CUST026,East,Corporate,Accessories,632.07,140.11
2025-04-17,ORD5953,CUST023,North,Corporate,Desk,655.21,152.11
2025-04-17,ORD5221,CUST004,South,Home Office,Printer,1532.53,323.34
2025-04-17,ORD3485,CUST015,West,Consumer,Printer,134.21,32.55
2025-04-17,ORD7262,CUST006,East,Corporate,Tablet,1480.67,164.28
2025-04-17,ORD3502,CUST037,South,Corporate,Monitor,1675.85,178.15
2025-04-18,ORD9883,CUST029,East,Home Office,Desk,1758.23,127.5
2025-04-18,ORD9869,CUST038,South,Consumer,Tablet,1437.0,227.25
2025-04-18,ORD9582,CUST045,South,Consumer,Printer,283.42,27.88
2025-04-18,ORD3589,CUST042,South,Corporate,Tablet,123.57,17.76
2025-04-18,ORD6203,CUST012,East,Consumer,Smartphone,672.4,114.09
2025-04-18,ORD6221,CUST049,South,Home Office,Laptop,664.75,73.11
2025-04-18,ORD5485,CUST029,West,Corporate,Printer,1512.07,90.16
2025-04-18,ORD4026,CUST009,South,Consumer,Smartphone,1815.5,400.23
2025-04-18,ORD4783,CUST039,North,Home Office,Printer,1368.83,230.85
2025-04-18,ORD2302,CUST023,South,Consumer,Laptop,1795.37,156.32
2025-04-18,ORD7126,CUST046,West,Consumer,Accessories,250.04,24.48
2025-04-19,ORD3683,CUST009,West,Corporate,Accessories,1609.7,91.65
2025-04-19,ORD1245,CUST027,South,Consumer,Laptop,1207.33,300.73
2025-04-19,ORD4323,CUST048,East,Corporate,Monitor,1725.82,266.28
2025-04-19,ORD9027,CUST029,South,Consumer,Tablet,220.92,47.78
2025-04-19,ORD7633,CUST028,East,Corporate,Monitor,1238.06,90.36
2025-04-19,ORD6126,CUST047,North,Home Office,Chair,278.33,64.55
2025-04-19,ORD2791,CUST034,West,Home Office,Laptop,1371.48,296.04
2025-04-20,ORD9812,CUST034,West,Consumer,Monitor,1770.06,290.92
2025-04-20,ORD7347,CUST036,West,Home Office,Laptop,1083.15,147.4
2025-04-20,ORD7521,CUST029,North,Consumer,Printer,702.2,96.14
2025-04-20,ORD7921,CUST011,East,Corporate,Accessories,1570.37,267.57
2025-04-20,ORD9470,CUST045,East,Home Office,Laptop,1795.79,249.03
2025-04-20,ORD9202,CUST006,South,Corporate,Accessories,1253.47,220.94
2025-04-20,ORD7775,CUST026,North,Consumer,Tablet,1224.22,233.25
2025-04-20,ORD8433,CUST012,East,Corporate,Laptop,551.12,84.03
2025-04-20,ORD6309,CUST017,South,Corporate,Smartphone,298.03,37.82
2025-04-20,ORD2870,CUST006,South,Home Office,Smartphone,1026.57,185.24
2025-04-20,ORD9582,CUST006,West,Home Office,Desk,1906.01,324.27
2025-04-20,ORD7235,CUST025,West,Home Office,Tablet,1512.83,228.82
2025-04-21,ORD3369,CUST011,South,Corporate,Tablet,1304.8,83.75
2025-04-21,ORD6047,CUST027,South,Home Office,Laptop,583.34,71.38
2025-04-21,ORD3960,CUST019,East,Home Office,Accessories,997.74,59.0
2025-04-21,ORD5146,CUST001,North,Consumer,Monitor,366.05,38.57
2025-04-21,ORD9904,CUST032,North,Corporate,Accessories,1945.91,226.25
2025-04-22,ORD8794,CUST038,West,Consumer,Monitor,1015.88,90.64
2025-04-22,ORD1107,CUST006,West,Corporate,Accessories,1260.48,133.78
2025-04-22,ORD4401,CUST040,South,Home Office,Printer,493.29,75.63
2025-04-22,ORD6718,CUST004,North,Consumer,Tablet,110.46,5.69
2025-04-22,ORD5889,CUST043,North,Consumer,Laptop,516.23,29.6
2025-04-23,ORD3920,CUST027,North,Consumer,Smartphone,305.25,35.95
2025-04-23,ORD3906,CUST040,South,Home Office,Printer,1624.91,267.15
2025-04-23,ORD2525,CUST003,West,Home Office,Desk,1074.07,116.75
2025-04-23,ORD2108,CUST025,East,Corporate,Desk,1870.33,242.03
2025-04-23,ORD8713,CUST019,West,Home Office,Smartphone,265.48,46.04
2025-04-23,ORD9635,CUST022,South,Consumer,Printer,316.29,37.65
2025-04-23,ORD4425,CUST045,West,Home Office,Monitor,1064.08,239.25
2025-04-23,ORD5705,CUST031,North,Consumer,Smartphone,1037.74,197.64
2025-04-23,ORD9608,CUST017,West,Home Office,Desk,1986.35,151.55
2025-04-23,ORD9154,CUST034,East,Consumer,Accessories,621.99,80.18
2025-04-24,ORD5759,CUST046,South,Home Office,Monitor,901.47,119.18
2025-04-24,ORD8616,CUST002,South,Consumer,Smartphone,1824.46,351.77
2025-04-24,ORD7793,CUST040,North,Home Office,Monitor,1255.02,140.4
2025-04-24,ORD4478,CUST023,West,Consumer,Desk,1665.2,401.33
2025-04-24,ORD5614,CUST045,North,Home Office,Monitor,1660.28,83.53
2025-04-24,ORD9301,CUST020,East,Consumer,Printer,1309.16,78.85
2025-04-24,ORD6460,CUST044,East,Consumer,Smartphone,589.45,36.49
2025-04-24,ORD4178,CUST012,East,Corporate,Laptop,1247.21,233.62
2025-04-24,ORD1582,CUST031,East,Corporate,Accessories,317.53,40.25
2025-04-24,ORD8546,CUST041,South,Corporate,Tablet,966.85,119.71
2025-04-24,ORD1917,CUST048,East,Corporate,Chair,329.95,44.14
2025-04-24,ORD9779,CUST036,East,Home Office,Desk,1527.24,98.05
2025-04-25,ORD2084,CUST023,South,Home Office,Desk,252.34,30.52
2025-04-25,ORD7147,CUST022,South,Corporate,Laptop,1889.28,347.09
2025-04-25,ORD2914,CUST012,South,Home Office,Chair,1389.47,170.05
2025-04-25,ORD1518,CUST046,East,Home Office,Desk,1227.96,63.89
2025-04-25,ORD4893,CUST032,East,Corporate,Smartphone,1308.58,304.45
2025-04-26,ORD5953,CUST034,West,Corporate,Monitor,1263.89,284.05
2025-04-26,ORD4311,CUST003,South,Consumer,Desk,1475.55,109.36
2025-04-26,ORD9192,CUST031,North,Corporate,Laptop,1814.66,114.85
2025-04-26,ORD9579,CUST031,South,Consumer,Desk,1114.54,87.41
2025-04-26,ORD2609,CUST050,East,Corporate,Tablet,122.24,16.43
2025-04-26,ORD7350,CUST030,South,Consumer,Laptop,660.58,97.24
2025-04-26,ORD2426,CUST003,North,Consumer,Printer,1196.68,70.3
2025-04-26,ORD9529,CUST007,East,Corporate,Laptop,333.71,53.97
2025-04-26,ORD4438,CUST041,East,Consumer,Printer,752.02,147.27
2025-04-26,ORD5532,CUST019,East,Consumer,Monitor,1339.35,293.48
2025-04-27,ORD3446,CUST018,East,Corporate,Smartphone,1415.74,192.52
2025-04-27,ORD9422,CUST001,South,Corporate,Smartphone,1378.64,144.86
2025-04-27,ORD6218,CUST036,North,Consumer,Desk,682.0,141.72
2025-04-27,ORD5011,CUST037,East,Consumer,Printer,948.2,198.81
2025-04-27,ORD6549,CUST040,South,Consumer,Printer,1662.6,368.29
2025-04-27,ORD8712,CUST002,West,Consumer,Tablet,1841.61,250.82
2025-04-27,ORD2410,CUST004,North,Consumer,Chair,705.85,117.48
2025-04-27,ORD8304,CUST046,West,Corporate,Tablet,805.23,137.06
2025-04-27,ORD9740,CUST013,East,Corporate,Desk,1440.61,270.38
2025-04-27,ORD8672,CUST006,North,Corporate,Tablet,811.65,67.67
2025-04-27,ORD8625,CUST044,North,Corporate,Printer,918.01,72.08
2025-04-27,ORD5227,CUST010,West,Consumer,Monitor,1791.18,213.46
2025-04-27,ORD6412,CUST045,East,Corporate,Tablet,393.47,21.68
2025-04-28,ORD8787,CUST005,West,Corporate,Laptop,1327.06,235.39
2025-04-28,ORD3798,CUST030,North,Corporate,Accessories,747.15,48.07
2025-04-28,ORD2686,CUST033,East,Corporate,Tablet,878.29,98.58
2025-04-28,ORD2162,CUST021,West,Home Office,Smartphone,1386.53,237.31
2025-04-28,ORD7773,CUST026,East,Home Office,Accessories,792.73,74.18
2025-04-28,ORD3605,CUST036,South,Home Office,Monitor,1977.27,278.4
2025-04-28,ORD4411,CUST022,West,Corporate,Smartphone,1407.72,109.96
2025-04-28,ORD4869,CUST035,West,Corporate,Desk,1022.62,56.76
2025-04-28,ORD8972,CUST048,South,Home Office,Smartphone,1060.36,257.46
2025-04-28,ORD2599,CUST021,North,Home Office,Accessories,829.99,47.97
2025-04-29,ORD2781,CUST005,South,Corporate,Chair,158.82,20.27
2025-04-29,ORD2007,CUST042,West,Corporate,Accessories,404.05,22.09
2025-04-29,ORD1003,CUST038,North,Consumer,Tablet,1536.81,217.77
2025-04-29,ORD9704,CUST029,South,Home Office,Tablet,649.57,149.41
2025-04-29,ORD4369,CUST013,East,Corporate,Accessories,320.66,77.34
2025-04-29,ORD6640,CUST028,East,Corporate,Printer,696.54,158.59
2025-04-29,ORD9362,CUST040,North,Home Office,Laptop,1245.59,268.23
2025-04-29,ORD7049,CUST004,West,Consumer,Printer,1969.63,212.09
2025-04-29,ORD5623,CUST008,North,Consumer,Desk,1926.16,246.35
2025-04-29,ORD7459,CUST045,North,Consumer,Chair,832.47,98.3
2025-04-29,ORD7251,CUST026,East,Home Office,Chair,1128.67,91.23
2025-04-29,ORD3841,CUST043,West,Home Office,Monitor,1152.05,182.42
2025-04-30,ORD7835,CUST024,South,Consumer,Chair,1547.61,335.41
2025-04-30,ORD1190,CUST009,South,Corporate,Tablet,936.84,103.49
2025-04-30,ORD8974,CUST010,North,Home Office,Laptop,592.74,52.71
2025-04-30,ORD7813,CUST009,West,Consumer,Smartphone,209.53,24.83
2025-04-30,ORD3945,CUST040,West,Home Office,Chair,613.47,149.25
2025-04-30,ORD8373,CUST036,West,Home Office,Chair,1159.65,138.53
2025-04-30,ORD7959,CUST012,West,Corporate,Monitor,1202.89,93.63
2025-04-30,ORD4878,CUST047,North,Home Office,Accessories,943.68,165.38
2025-04-30,ORD1620,CUST003,East,Corporate,Desk,1028.91,134.12
2025-04-30,ORD8889,CUST008,West,Home Office,Desk,1988.31,449.48
2025-04-30,ORD9469,CUST030,North,Consumer,Printer,1284.47,210.49
2025-04-30,ORD8740,CUST016,North,Home Office,Smartphone,1279.25,115.47
